
--Creacion de programas
INSERT INTO TBL_PROGRAMA (CMP_IDPROGRAM, CMP_NOMBRE, CMP_DESCRIPCION) 
VALUES ('1', 'Programacion JAVA FullStack', 'Programacion JAVA FullStack');
INSERT INTO TBL_PROGRAMA (CMP_IDPROGRAM, CMP_NOMBRE, CMP_DESCRIPCION) 
VALUES ('2', 'Programacion en Android', 'Programacion en Android');
INSERT INTO TBL_PROGRAMA (CMP_IDPROGRAM, CMP_NOMBRE, CMP_DESCRIPCION) 
VALUES ('3', 'Programacion en Python', 'Programacion en Python');


--creacion de cursos
INSERT INTO TBL_CURSO (CMP_IDCURSO, CMP_NOMBRE, CMP_DESCRIPCION, CMP_CANT_ALUM) 
VALUES ('23', 'FullStack Java', 'FullStack Java', '20');
INSERT INTO TBL_CURSO (CMP_IDCURSO, CMP_NOMBRE, CMP_DESCRIPCION, CMP_CANT_ALUM) 
VALUES ('24', 'FullStack Java', 'FullStack Java', '20');
INSERT INTO TBL_CURSO (CMP_IDCURSO, CMP_NOMBRE, CMP_DESCRIPCION, CMP_CANT_ALUM) 
VALUES ('25', 'FullStack Java', 'FullStack Java', '20');
INSERT INTO TBL_CURSO (CMP_IDCURSO, CMP_NOMBRE, CMP_DESCRIPCION, CMP_CANT_ALUM) 
VALUES ('33', 'Desarollo Android', 'Desarollo Android', '20');
INSERT INTO TBL_CURSO (CMP_IDCURSO, CMP_NOMBRE, CMP_DESCRIPCION, CMP_CANT_ALUM) 
VALUES ('34', 'Desarollo Android', 'Desarollo Android', '20');
INSERT INTO TBL_CURSO (CMP_IDCURSO, CMP_NOMBRE, CMP_DESCRIPCION, CMP_CANT_ALUM) 
VALUES ('35', 'Desarollo Android', 'Desarollo Android', '20');

--Creacion de alumnos curso 23
INSERT INTO TBL_ALUMN (CMP_RUT, CMP_NOMBRE, CMP_APELLIDO, TBL_CURSO_CMP_IDCURSO, TBL_PROGRAMA_CMP_IDPROGRAM) 
VALUES ('12345678-0', 'Pedro', 'Pizarro', '23', '1');
INSERT INTO TBL_ALUMN (CMP_RUT, CMP_NOMBRE, CMP_APELLIDO, TBL_CURSO_CMP_IDCURSO, TBL_PROGRAMA_CMP_IDPROGRAM) 
VALUES ('12345678-1', 'Juan', 'Perez', '23', '1');
INSERT INTO TBL_ALUMN (CMP_RUT, CMP_NOMBRE, CMP_APELLIDO, TBL_CURSO_CMP_IDCURSO, TBL_PROGRAMA_CMP_IDPROGRAM) 
VALUES ('12345678-2', 'Ramon', 'Gonzalez', '23', '1');
INSERT INTO TBL_ALUMN (CMP_RUT, CMP_NOMBRE, CMP_APELLIDO, TBL_CURSO_CMP_IDCURSO, TBL_PROGRAMA_CMP_IDPROGRAM) 
VALUES ('12345678-3', 'Jacinto', 'Urrutia', '23', '1');
INSERT INTO TBL_ALUMN (CMP_RUT, CMP_NOMBRE, CMP_APELLIDO, TBL_CURSO_CMP_IDCURSO, TBL_PROGRAMA_CMP_IDPROGRAM) 
VALUES ('12345678-4', 'Floridor', 'Valderrama', '23', '1');
INSERT INTO TBL_ALUMN (CMP_RUT, CMP_NOMBRE, CMP_APELLIDO, TBL_CURSO_CMP_IDCURSO, TBL_PROGRAMA_CMP_IDPROGRAM) 
VALUES ('12345678-5', 'Bernardo', 'Iturra', '23', '1');
INSERT INTO TBL_ALUMN (CMP_RUT, CMP_NOMBRE, CMP_APELLIDO, TBL_CURSO_CMP_IDCURSO, TBL_PROGRAMA_CMP_IDPROGRAM) 
VALUES ('12345678-6', 'Eliodoro', 'Ulloa', '23', '1');
INSERT INTO TBL_ALUMN (CMP_RUT, CMP_NOMBRE, CMP_APELLIDO, TBL_CURSO_CMP_IDCURSO, TBL_PROGRAMA_CMP_IDPROGRAM) 
VALUES ('12345678-7', 'Blas', 'Velasquez', '23', '1');
INSERT INTO TBL_ALUMN (CMP_RUT, CMP_NOMBRE, CMP_APELLIDO, TBL_CURSO_CMP_IDCURSO, TBL_PROGRAMA_CMP_IDPROGRAM) 
VALUES ('12345678-8', 'Ruperto', 'Prieto', '23', '1');
INSERT INTO TBL_ALUMN (CMP_RUT, CMP_NOMBRE, CMP_APELLIDO, TBL_CURSO_CMP_IDCURSO, TBL_PROGRAMA_CMP_IDPROGRAM) 
VALUES ('12345678-9', 'Remigio', 'Albarracin', '23', '1');
INSERT INTO TBL_ALUMN (CMP_RUT, CMP_NOMBRE, CMP_APELLIDO, TBL_CURSO_CMP_IDCURSO, TBL_PROGRAMA_CMP_IDPROGRAM) 
VALUES ('23456789-0', 'Linda', 'Paineman', '23', '1');
INSERT INTO TBL_ALUMN (CMP_RUT, CMP_NOMBRE, CMP_APELLIDO, TBL_CURSO_CMP_IDCURSO, TBL_PROGRAMA_CMP_IDPROGRAM) 
VALUES ('23456789-1', 'Teresita', 'Caceres', '23', '1');
INSERT INTO TBL_ALUMN (CMP_RUT, CMP_NOMBRE, CMP_APELLIDO, TBL_CURSO_CMP_IDCURSO, TBL_PROGRAMA_CMP_IDPROGRAM) 
VALUES ('23456789-2', 'Paula', 'Araya', '23', '1');
INSERT INTO TBL_ALUMN (CMP_RUT, CMP_NOMBRE, CMP_APELLIDO, TBL_CURSO_CMP_IDCURSO, TBL_PROGRAMA_CMP_IDPROGRAM) 
VALUES ('23456789-3', 'Ivon', 'Fuentealba', '23', '1');
INSERT INTO TBL_ALUMN (CMP_RUT, CMP_NOMBRE, CMP_APELLIDO, TBL_CURSO_CMP_IDCURSO, TBL_PROGRAMA_CMP_IDPROGRAM) 
VALUES ('23456789-4', 'Demofila', 'Osandon', '23', '1');
INSERT INTO TBL_ALUMN (CMP_RUT, CMP_NOMBRE, CMP_APELLIDO, TBL_CURSO_CMP_IDCURSO, TBL_PROGRAMA_CMP_IDPROGRAM) 
VALUES ('23456789-5', 'Benita', 'Levican', '23', '1');
INSERT INTO TBL_ALUMN (CMP_RUT, CMP_NOMBRE, CMP_APELLIDO, TBL_CURSO_CMP_IDCURSO, TBL_PROGRAMA_CMP_IDPROGRAM) 
VALUES ('23456789-6', 'Rosa', 'Reipan', '23', '1');
INSERT INTO TBL_ALUMN (CMP_RUT, CMP_NOMBRE, CMP_APELLIDO, TBL_CURSO_CMP_IDCURSO, TBL_PROGRAMA_CMP_IDPROGRAM) 
VALUES ('23456789-7', 'Fresia', 'Loncon', '23', '1');
INSERT INTO TBL_ALUMN (CMP_RUT, CMP_NOMBRE, CMP_APELLIDO, TBL_CURSO_CMP_IDCURSO, TBL_PROGRAMA_CMP_IDPROGRAM) 
VALUES ('23456789-8', 'Estela', 'Pereira', '23', '1');
INSERT INTO TBL_ALUMN (CMP_RUT, CMP_NOMBRE, CMP_APELLIDO, TBL_CURSO_CMP_IDCURSO, TBL_PROGRAMA_CMP_IDPROGRAM) 
VALUES ('23456789-9', 'Andrea', 'Sanhueza', '23', '1');

--Creacion de alumnos curso 24
INSERT INTO TBL_ALUMN (CMP_RUT, CMP_NOMBRE, CMP_APELLIDO, TBL_CURSO_CMP_IDCURSO, TBL_PROGRAMA_CMP_IDPROGRAM) 
VALUES ('98765432-0', 'Pedro', 'Recabarren', '24', '1');
INSERT INTO TBL_ALUMN (CMP_RUT, CMP_NOMBRE, CMP_APELLIDO, TBL_CURSO_CMP_IDCURSO, TBL_PROGRAMA_CMP_IDPROGRAM) 
VALUES ('98765432-1', 'Julian', 'Pizarro', '24', '1');
INSERT INTO TBL_ALUMN (CMP_RUT, CMP_NOMBRE, CMP_APELLIDO, TBL_CURSO_CMP_IDCURSO, TBL_PROGRAMA_CMP_IDPROGRAM) 
VALUES ('98765432-2', 'Rafael', 'Araneda', '24', '1');
INSERT INTO TBL_ALUMN (CMP_RUT, CMP_NOMBRE, CMP_APELLIDO, TBL_CURSO_CMP_IDCURSO, TBL_PROGRAMA_CMP_IDPROGRAM) 
VALUES ('98765432-3', 'Mario', 'Gonsalez', '24', '1');
INSERT INTO TBL_ALUMN (CMP_RUT, CMP_NOMBRE, CMP_APELLIDO, TBL_CURSO_CMP_IDCURSO, TBL_PROGRAMA_CMP_IDPROGRAM) 
VALUES ('98765432-4', 'Francisco', 'Fuentes', '24', '1');
INSERT INTO TBL_ALUMN (CMP_RUT, CMP_NOMBRE, CMP_APELLIDO, TBL_CURSO_CMP_IDCURSO, TBL_PROGRAMA_CMP_IDPROGRAM) 
VALUES ('98765432-5', 'Felipe', 'Camiroaga', '24', '1');
INSERT INTO TBL_ALUMN (CMP_RUT, CMP_NOMBRE, CMP_APELLIDO, TBL_CURSO_CMP_IDCURSO, TBL_PROGRAMA_CMP_IDPROGRAM) 
VALUES ('98765432-6', 'Luis', 'Perez', '24', '1');
INSERT INTO TBL_ALUMN (CMP_RUT, CMP_NOMBRE, CMP_APELLIDO, TBL_CURSO_CMP_IDCURSO, TBL_PROGRAMA_CMP_IDPROGRAM) 
VALUES ('98765432-7', 'Carlos', 'Caceres', '24', '1');
INSERT INTO TBL_ALUMN (CMP_RUT, CMP_NOMBRE, CMP_APELLIDO, TBL_CURSO_CMP_IDCURSO, TBL_PROGRAMA_CMP_IDPROGRAM) 
VALUES ('98765432-8', 'Camilo', 'Andrade', '24', '1');
INSERT INTO TBL_ALUMN (CMP_RUT, CMP_NOMBRE, CMP_APELLIDO, TBL_CURSO_CMP_IDCURSO, TBL_PROGRAMA_CMP_IDPROGRAM) 
VALUES ('98765432-9', 'Marco', 'Inostroza', '24', '1');
INSERT INTO TBL_ALUMN (CMP_RUT, CMP_NOMBRE, CMP_APELLIDO, TBL_CURSO_CMP_IDCURSO, TBL_PROGRAMA_CMP_IDPROGRAM) 
VALUES ('87654321-0', 'Luisa', 'Amdaur', '24', '1');
INSERT INTO TBL_ALUMN (CMP_RUT, CMP_NOMBRE, CMP_APELLIDO, TBL_CURSO_CMP_IDCURSO, TBL_PROGRAMA_CMP_IDPROGRAM) 
VALUES ('87654321-1', 'Javiera', 'Otarola', '24', '1');
INSERT INTO TBL_ALUMN (CMP_RUT, CMP_NOMBRE, CMP_APELLIDO, TBL_CURSO_CMP_IDCURSO, TBL_PROGRAMA_CMP_IDPROGRAM) 
VALUES ('87654321-2', 'Tamara', 'Gutierrez', '24', '1');
INSERT INTO TBL_ALUMN (CMP_RUT, CMP_NOMBRE, CMP_APELLIDO, TBL_CURSO_CMP_IDCURSO, TBL_PROGRAMA_CMP_IDPROGRAM) 
VALUES ('87654321-3', 'Camila', 'Duarte', '24', '1');
INSERT INTO TBL_ALUMN (CMP_RUT, CMP_NOMBRE, CMP_APELLIDO, TBL_CURSO_CMP_IDCURSO, TBL_PROGRAMA_CMP_IDPROGRAM) 
VALUES ('87654321-4', 'Antonia', 'Villablanca', '24', '1');
INSERT INTO TBL_ALUMN (CMP_RUT, CMP_NOMBRE, CMP_APELLIDO, TBL_CURSO_CMP_IDCURSO, TBL_PROGRAMA_CMP_IDPROGRAM) 
VALUES ('87654321-5', 'Elena', 'Pizarro', '24', '1');
INSERT INTO TBL_ALUMN (CMP_RUT, CMP_NOMBRE, CMP_APELLIDO, TBL_CURSO_CMP_IDCURSO, TBL_PROGRAMA_CMP_IDPROGRAM) 
VALUES ('87654321-6', 'Ignacia', 'Duarte', '24', '1');
INSERT INTO TBL_ALUMN (CMP_RUT, CMP_NOMBRE, CMP_APELLIDO, TBL_CURSO_CMP_IDCURSO, TBL_PROGRAMA_CMP_IDPROGRAM) 
VALUES ('87654321-7', 'Maria', 'Escobar', '24', '1');
INSERT INTO TBL_ALUMN (CMP_RUT, CMP_NOMBRE, CMP_APELLIDO, TBL_CURSO_CMP_IDCURSO, TBL_PROGRAMA_CMP_IDPROGRAM) 
VALUES ('87654321-8', 'Isidora', 'Fernandez', '24', '1');
INSERT INTO TBL_ALUMN (CMP_RUT, CMP_NOMBRE, CMP_APELLIDO, TBL_CURSO_CMP_IDCURSO, TBL_PROGRAMA_CMP_IDPROGRAM) 
VALUES ('87654321-9', 'Fernanda', 'Quiero', '24', '1');

--Creacion de respuestas de prueba
INSERT INTO TBL_REGISTROS (CMP_IDREGISTRO, TBL_PROGRAMA_CMP_IDPROGRAM, TBL_TEST_CMP_IDTEST, TBL_CURSO_CMP_IDCURSO, TBL_ALUMN_CMP_RUT, TBL_PREG_CMP_IDPREGUNTA, TBL_ALTERNAT_CMP_IDALTERNATIVA) 
VALUES ('1', '1', '1', '23', '12345678-0', '10', '101');
INSERT INTO TBL_REGISTROS (CMP_IDREGISTRO, TBL_PROGRAMA_CMP_IDPROGRAM, TBL_TEST_CMP_IDTEST, TBL_CURSO_CMP_IDCURSO, TBL_ALUMN_CMP_RUT, TBL_PREG_CMP_IDPREGUNTA, TBL_ALTERNAT_CMP_IDALTERNATIVA) 
VALUES ('2', '1', '1', '23', '12345678-0', '11', '102');
INSERT INTO TBL_REGISTROS (CMP_IDREGISTRO, TBL_PROGRAMA_CMP_IDPROGRAM, TBL_TEST_CMP_IDTEST, TBL_CURSO_CMP_IDCURSO, TBL_ALUMN_CMP_RUT, TBL_PREG_CMP_IDPREGUNTA, TBL_ALTERNAT_CMP_IDALTERNATIVA) 
VALUES ('3', '1', '1', '23', '12345678-0', '12', '103');
INSERT INTO TBL_REGISTROS (CMP_IDREGISTRO, TBL_PROGRAMA_CMP_IDPROGRAM, TBL_TEST_CMP_IDTEST, TBL_CURSO_CMP_IDCURSO, TBL_ALUMN_CMP_RUT, TBL_PREG_CMP_IDPREGUNTA, TBL_ALTERNAT_CMP_IDALTERNATIVA) 
VALUES ('4', '1', '1', '23', '12345678-0', '13', '104');
INSERT INTO TBL_REGISTROS (CMP_IDREGISTRO, TBL_PROGRAMA_CMP_IDPROGRAM, TBL_TEST_CMP_IDTEST, TBL_CURSO_CMP_IDCURSO, TBL_ALUMN_CMP_RUT, TBL_PREG_CMP_IDPREGUNTA, TBL_ALTERNAT_CMP_IDALTERNATIVA) 
VALUES ('5', '1', '1', '23', '12345678-0', '14', '101');
INSERT INTO TBL_REGISTROS (CMP_IDREGISTRO, TBL_PROGRAMA_CMP_IDPROGRAM, TBL_TEST_CMP_IDTEST, TBL_CURSO_CMP_IDCURSO, TBL_ALUMN_CMP_RUT, TBL_PREG_CMP_IDPREGUNTA, TBL_ALTERNAT_CMP_IDALTERNATIVA) 
VALUES ('6', '1', '1', '23', '12345678-0', '15', '102');
INSERT INTO TBL_REGISTROS (CMP_IDREGISTRO, TBL_PROGRAMA_CMP_IDPROGRAM, TBL_TEST_CMP_IDTEST, TBL_CURSO_CMP_IDCURSO, TBL_ALUMN_CMP_RUT, TBL_PREG_CMP_IDPREGUNTA, TBL_ALTERNAT_CMP_IDALTERNATIVA) 
VALUES ('7', '1', '1', '23', '12345678-0', '16', '103');
INSERT INTO TBL_REGISTROS (CMP_IDREGISTRO, TBL_PROGRAMA_CMP_IDPROGRAM, TBL_TEST_CMP_IDTEST, TBL_CURSO_CMP_IDCURSO, TBL_ALUMN_CMP_RUT, TBL_PREG_CMP_IDPREGUNTA, TBL_ALTERNAT_CMP_IDALTERNATIVA) 
VALUES ('8', '1', '1', '23', '12345678-0', '17', '104');
INSERT INTO TBL_REGISTROS (CMP_IDREGISTRO, TBL_PROGRAMA_CMP_IDPROGRAM, TBL_TEST_CMP_IDTEST, TBL_CURSO_CMP_IDCURSO, TBL_ALUMN_CMP_RUT, TBL_PREG_CMP_IDPREGUNTA, TBL_ALTERNAT_CMP_IDALTERNATIVA) 
VALUES ('9', '1', '1', '23', '12345678-0', '18', '101');
INSERT INTO TBL_REGISTROS (CMP_IDREGISTRO, TBL_PROGRAMA_CMP_IDPROGRAM, TBL_TEST_CMP_IDTEST, TBL_CURSO_CMP_IDCURSO, TBL_ALUMN_CMP_RUT, TBL_PREG_CMP_IDPREGUNTA, TBL_ALTERNAT_CMP_IDALTERNATIVA) 
VALUES ('10', '1', '1', '23', '12345678-0', '19', '102');

INSERT INTO TBL_REGISTROS (CMP_IDREGISTRO, TBL_PROGRAMA_CMP_IDPROGRAM, TBL_TEST_CMP_IDTEST, TBL_CURSO_CMP_IDCURSO, TBL_ALUMN_CMP_RUT, TBL_PREG_CMP_IDPREGUNTA, TBL_ALTERNAT_CMP_IDALTERNATIVA) 
VALUES ('11', '1', '1', '23', '12345678-1', '10', '102');
INSERT INTO TBL_REGISTROS (CMP_IDREGISTRO, TBL_PROGRAMA_CMP_IDPROGRAM, TBL_TEST_CMP_IDTEST, TBL_CURSO_CMP_IDCURSO, TBL_ALUMN_CMP_RUT, TBL_PREG_CMP_IDPREGUNTA, TBL_ALTERNAT_CMP_IDALTERNATIVA) 
VALUES ('12', '1', '1', '23', '12345678-1', '11', '103');
INSERT INTO TBL_REGISTROS (CMP_IDREGISTRO, TBL_PROGRAMA_CMP_IDPROGRAM, TBL_TEST_CMP_IDTEST, TBL_CURSO_CMP_IDCURSO, TBL_ALUMN_CMP_RUT, TBL_PREG_CMP_IDPREGUNTA, TBL_ALTERNAT_CMP_IDALTERNATIVA) 
VALUES ('13', '1', '1', '23', '12345678-1', '12', '104');
INSERT INTO TBL_REGISTROS (CMP_IDREGISTRO, TBL_PROGRAMA_CMP_IDPROGRAM, TBL_TEST_CMP_IDTEST, TBL_CURSO_CMP_IDCURSO, TBL_ALUMN_CMP_RUT, TBL_PREG_CMP_IDPREGUNTA, TBL_ALTERNAT_CMP_IDALTERNATIVA) 
VALUES ('14', '1', '1', '23', '12345678-1', '13', '101');
INSERT INTO TBL_REGISTROS (CMP_IDREGISTRO, TBL_PROGRAMA_CMP_IDPROGRAM, TBL_TEST_CMP_IDTEST, TBL_CURSO_CMP_IDCURSO, TBL_ALUMN_CMP_RUT, TBL_PREG_CMP_IDPREGUNTA, TBL_ALTERNAT_CMP_IDALTERNATIVA) 
VALUES ('15', '1', '1', '23', '12345678-1', '14', '102');
INSERT INTO TBL_REGISTROS (CMP_IDREGISTRO, TBL_PROGRAMA_CMP_IDPROGRAM, TBL_TEST_CMP_IDTEST, TBL_CURSO_CMP_IDCURSO, TBL_ALUMN_CMP_RUT, TBL_PREG_CMP_IDPREGUNTA, TBL_ALTERNAT_CMP_IDALTERNATIVA) 
VALUES ('16', '1', '1', '23', '12345678-1', '15', '103');
INSERT INTO TBL_REGISTROS (CMP_IDREGISTRO, TBL_PROGRAMA_CMP_IDPROGRAM, TBL_TEST_CMP_IDTEST, TBL_CURSO_CMP_IDCURSO, TBL_ALUMN_CMP_RUT, TBL_PREG_CMP_IDPREGUNTA, TBL_ALTERNAT_CMP_IDALTERNATIVA) 
VALUES ('17', '1', '1', '23', '12345678-1', '16', '104');
INSERT INTO TBL_REGISTROS (CMP_IDREGISTRO, TBL_PROGRAMA_CMP_IDPROGRAM, TBL_TEST_CMP_IDTEST, TBL_CURSO_CMP_IDCURSO, TBL_ALUMN_CMP_RUT, TBL_PREG_CMP_IDPREGUNTA, TBL_ALTERNAT_CMP_IDALTERNATIVA) 
VALUES ('18', '1', '1', '23', '12345678-1', '17', '101');
INSERT INTO TBL_REGISTROS (CMP_IDREGISTRO, TBL_PROGRAMA_CMP_IDPROGRAM, TBL_TEST_CMP_IDTEST, TBL_CURSO_CMP_IDCURSO, TBL_ALUMN_CMP_RUT, TBL_PREG_CMP_IDPREGUNTA, TBL_ALTERNAT_CMP_IDALTERNATIVA) 
VALUES ('19', '1', '1', '23', '12345678-1', '18', '102');
INSERT INTO TBL_REGISTROS (CMP_IDREGISTRO, TBL_PROGRAMA_CMP_IDPROGRAM, TBL_TEST_CMP_IDTEST, TBL_CURSO_CMP_IDCURSO, TBL_ALUMN_CMP_RUT, TBL_PREG_CMP_IDPREGUNTA, TBL_ALTERNAT_CMP_IDALTERNATIVA) 
VALUES ('20', '1', '1', '23', '12345678-1', '19', '103');

INSERT INTO TBL_REGISTROS (CMP_IDREGISTRO, TBL_PROGRAMA_CMP_IDPROGRAM, TBL_TEST_CMP_IDTEST, TBL_CURSO_CMP_IDCURSO, TBL_ALUMN_CMP_RUT, TBL_PREG_CMP_IDPREGUNTA, TBL_ALTERNAT_CMP_IDALTERNATIVA) 
VALUES ('12', '1', '1', '23', '12345678-2', '10', '103');
INSERT INTO TBL_REGISTROS (CMP_IDREGISTRO, TBL_PROGRAMA_CMP_IDPROGRAM, TBL_TEST_CMP_IDTEST, TBL_CURSO_CMP_IDCURSO, TBL_ALUMN_CMP_RUT, TBL_PREG_CMP_IDPREGUNTA, TBL_ALTERNAT_CMP_IDALTERNATIVA) 
VALUES ('22', '1', '1', '23', '12345678-2', '11', '104');
INSERT INTO TBL_REGISTROS (CMP_IDREGISTRO, TBL_PROGRAMA_CMP_IDPROGRAM, TBL_TEST_CMP_IDTEST, TBL_CURSO_CMP_IDCURSO, TBL_ALUMN_CMP_RUT, TBL_PREG_CMP_IDPREGUNTA, TBL_ALTERNAT_CMP_IDALTERNATIVA) 
VALUES ('23', '1', '1', '23', '12345678-2', '12', '101');
INSERT INTO TBL_REGISTROS (CMP_IDREGISTRO, TBL_PROGRAMA_CMP_IDPROGRAM, TBL_TEST_CMP_IDTEST, TBL_CURSO_CMP_IDCURSO, TBL_ALUMN_CMP_RUT, TBL_PREG_CMP_IDPREGUNTA, TBL_ALTERNAT_CMP_IDALTERNATIVA) 
VALUES ('24', '1', '1', '23', '12345678-2', '13', '102');
INSERT INTO TBL_REGISTROS (CMP_IDREGISTRO, TBL_PROGRAMA_CMP_IDPROGRAM, TBL_TEST_CMP_IDTEST, TBL_CURSO_CMP_IDCURSO, TBL_ALUMN_CMP_RUT, TBL_PREG_CMP_IDPREGUNTA, TBL_ALTERNAT_CMP_IDALTERNATIVA) 
VALUES ('25', '1', '1', '23', '12345678-2', '14', '103');
INSERT INTO TBL_REGISTROS (CMP_IDREGISTRO, TBL_PROGRAMA_CMP_IDPROGRAM, TBL_TEST_CMP_IDTEST, TBL_CURSO_CMP_IDCURSO, TBL_ALUMN_CMP_RUT, TBL_PREG_CMP_IDPREGUNTA, TBL_ALTERNAT_CMP_IDALTERNATIVA) 
VALUES ('26', '1', '1', '23', '12345678-2', '15', '104');
INSERT INTO TBL_REGISTROS (CMP_IDREGISTRO, TBL_PROGRAMA_CMP_IDPROGRAM, TBL_TEST_CMP_IDTEST, TBL_CURSO_CMP_IDCURSO, TBL_ALUMN_CMP_RUT, TBL_PREG_CMP_IDPREGUNTA, TBL_ALTERNAT_CMP_IDALTERNATIVA) 
VALUES ('27', '1', '1', '23', '12345678-2', '16', '101');
INSERT INTO TBL_REGISTROS (CMP_IDREGISTRO, TBL_PROGRAMA_CMP_IDPROGRAM, TBL_TEST_CMP_IDTEST, TBL_CURSO_CMP_IDCURSO, TBL_ALUMN_CMP_RUT, TBL_PREG_CMP_IDPREGUNTA, TBL_ALTERNAT_CMP_IDALTERNATIVA) 
VALUES ('28', '1', '1', '23', '12345678-2', '17', '102');
INSERT INTO TBL_REGISTROS (CMP_IDREGISTRO, TBL_PROGRAMA_CMP_IDPROGRAM, TBL_TEST_CMP_IDTEST, TBL_CURSO_CMP_IDCURSO, TBL_ALUMN_CMP_RUT, TBL_PREG_CMP_IDPREGUNTA, TBL_ALTERNAT_CMP_IDALTERNATIVA) 
VALUES ('29', '1', '1', '23', '12345678-2', '18', '103');
INSERT INTO TBL_REGISTROS (CMP_IDREGISTRO, TBL_PROGRAMA_CMP_IDPROGRAM, TBL_TEST_CMP_IDTEST, TBL_CURSO_CMP_IDCURSO, TBL_ALUMN_CMP_RUT, TBL_PREG_CMP_IDPREGUNTA, TBL_ALTERNAT_CMP_IDALTERNATIVA) 
VALUES ('30', '1', '1', '23', '12345678-2', '19', '104');
