

--creacion de cursos
INSERT INTO TBL_CURSO (CMP_IDCURSO, CMP_NOMBRE, CMP_DESCRIPCION, CMP_CANT_ALUM) 
VALUES ('23', 'FullStack Java', 'FullStack Java', '20');
INSERT INTO TBL_CURSO (CMP_IDCURSO, CMP_NOMBRE, CMP_DESCRIPCION, CMP_CANT_ALUM) 
VALUES ('24', 'FullStack Java', 'FullStack Java', '20');
INSERT INTO TBL_CURSO (CMP_IDCURSO, CMP_NOMBRE, CMP_DESCRIPCION, CMP_CANT_ALUM) 
VALUES ('25', 'FullStack Java', 'FullStack Java', '20');
INSERT INTO TBL_CURSO (CMP_IDCURSO, CMP_NOMBRE, CMP_DESCRIPCION, CMP_CANT_ALUM) 
VALUES ('33', 'Desarollo Android', 'Desarollo Android', '20');
INSERT INTO TBL_CURSO (CMP_IDCURSO, CMP_NOMBRE, CMP_DESCRIPCION, CMP_CANT_ALUM) 
VALUES ('34', 'Desarollo Android', 'Desarollo Android', '20');
INSERT INTO TBL_CURSO (CMP_IDCURSO, CMP_NOMBRE, CMP_DESCRIPCION, CMP_CANT_ALUM) 
VALUES ('35', 'Desarollo Android', 'Desarollo Android', '20');

--Creacion de alumnos curso 23
INSERT INTO TBL_ALUMN (CMP_RUT, CMP_NOMBRE, CMP_APELLIDO, TBL_CURSO_CMP_IDCURSO, TBL_PROGRAMA_CMP_IDPROGRAM) 
VALUES ('12345678-0', 'Pedro', 'Pizarro', '23', '1');
INSERT INTO TBL_ALUMN (CMP_RUT, CMP_NOMBRE, CMP_APELLIDO, TBL_CURSO_CMP_IDCURSO, TBL_PROGRAMA_CMP_IDPROGRAM) 
VALUES ('12345678-1', 'Juan', 'Perez', '23', '1');
INSERT INTO TBL_ALUMN (CMP_RUT, CMP_NOMBRE, CMP_APELLIDO, TBL_CURSO_CMP_IDCURSO, TBL_PROGRAMA_CMP_IDPROGRAM) 
VALUES ('12345678-2', 'Ramon', 'Gonzalez', '23', '1');
INSERT INTO TBL_ALUMN (CMP_RUT, CMP_NOMBRE, CMP_APELLIDO, TBL_CURSO_CMP_IDCURSO, TBL_PROGRAMA_CMP_IDPROGRAM) 
VALUES ('12345678-3', 'Jacinto', 'Urrutia', '23', '1');
INSERT INTO TBL_ALUMN (CMP_RUT, CMP_NOMBRE, CMP_APELLIDO, TBL_CURSO_CMP_IDCURSO, TBL_PROGRAMA_CMP_IDPROGRAM) 
VALUES ('12345678-4', 'Floridor', 'Valderrama', '23', '1');
INSERT INTO TBL_ALUMN (CMP_RUT, CMP_NOMBRE, CMP_APELLIDO, TBL_CURSO_CMP_IDCURSO, TBL_PROGRAMA_CMP_IDPROGRAM) 
VALUES ('12345678-5', 'Bernardo', 'Iturra', '23', '1');
INSERT INTO TBL_ALUMN (CMP_RUT, CMP_NOMBRE, CMP_APELLIDO, TBL_CURSO_CMP_IDCURSO, TBL_PROGRAMA_CMP_IDPROGRAM) 
VALUES ('12345678-6', 'Eliodoro', 'Ulloa', '23', '1');
INSERT INTO TBL_ALUMN (CMP_RUT, CMP_NOMBRE, CMP_APELLIDO, TBL_CURSO_CMP_IDCURSO, TBL_PROGRAMA_CMP_IDPROGRAM) 
VALUES ('12345678-7', 'Blas', 'Velasquez', '23', '1');
INSERT INTO TBL_ALUMN (CMP_RUT, CMP_NOMBRE, CMP_APELLIDO, TBL_CURSO_CMP_IDCURSO, TBL_PROGRAMA_CMP_IDPROGRAM) 
VALUES ('12345678-8', 'Ruperto', 'Prieto', '23', '1');
INSERT INTO TBL_ALUMN (CMP_RUT, CMP_NOMBRE, CMP_APELLIDO, TBL_CURSO_CMP_IDCURSO, TBL_PROGRAMA_CMP_IDPROGRAM) 
VALUES ('12345678-9', 'Remigio', 'Albarracin', '23', '1');
INSERT INTO TBL_ALUMN (CMP_RUT, CMP_NOMBRE, CMP_APELLIDO, TBL_CURSO_CMP_IDCURSO, TBL_PROGRAMA_CMP_IDPROGRAM) 
VALUES ('23456789-0', 'Linda', 'Paineman', '23', '1');
INSERT INTO TBL_ALUMN (CMP_RUT, CMP_NOMBRE, CMP_APELLIDO, TBL_CURSO_CMP_IDCURSO, TBL_PROGRAMA_CMP_IDPROGRAM) 
VALUES ('23456789-1', 'Teresita', 'Caceres', '23', '1');
INSERT INTO TBL_ALUMN (CMP_RUT, CMP_NOMBRE, CMP_APELLIDO, TBL_CURSO_CMP_IDCURSO, TBL_PROGRAMA_CMP_IDPROGRAM) 
VALUES ('23456789-2', 'Paula', 'Araya', '23', '1');
INSERT INTO TBL_ALUMN (CMP_RUT, CMP_NOMBRE, CMP_APELLIDO, TBL_CURSO_CMP_IDCURSO, TBL_PROGRAMA_CMP_IDPROGRAM) 
VALUES ('23456789-3', 'Ivon', 'Fuentealba', '23', '1');
INSERT INTO TBL_ALUMN (CMP_RUT, CMP_NOMBRE, CMP_APELLIDO, TBL_CURSO_CMP_IDCURSO, TBL_PROGRAMA_CMP_IDPROGRAM) 
VALUES ('23456789-4', 'Demofila', 'Osandon', '23', '1');
INSERT INTO TBL_ALUMN (CMP_RUT, CMP_NOMBRE, CMP_APELLIDO, TBL_CURSO_CMP_IDCURSO, TBL_PROGRAMA_CMP_IDPROGRAM) 
VALUES ('23456789-5', 'Benita', 'Levican', '23', '1');
INSERT INTO TBL_ALUMN (CMP_RUT, CMP_NOMBRE, CMP_APELLIDO, TBL_CURSO_CMP_IDCURSO, TBL_PROGRAMA_CMP_IDPROGRAM) 
VALUES ('23456789-6', 'Rosa', 'Reipan', '23', '1');
INSERT INTO TBL_ALUMN (CMP_RUT, CMP_NOMBRE, CMP_APELLIDO, TBL_CURSO_CMP_IDCURSO, TBL_PROGRAMA_CMP_IDPROGRAM) 
VALUES ('23456789-7', 'Fresia', 'Loncon', '23', '1');
INSERT INTO TBL_ALUMN (CMP_RUT, CMP_NOMBRE, CMP_APELLIDO, TBL_CURSO_CMP_IDCURSO, TBL_PROGRAMA_CMP_IDPROGRAM) 
VALUES ('23456789-8', 'Estela', 'Pereira', '23', '1');
INSERT INTO TBL_ALUMN (CMP_RUT, CMP_NOMBRE, CMP_APELLIDO, TBL_CURSO_CMP_IDCURSO, TBL_PROGRAMA_CMP_IDPROGRAM) 
VALUES ('23456789-9', 'Andrea', 'Sanhueza', '23', '1');

--Creacion de alumnos curso 24
INSERT INTO TBL_ALUMN (CMP_RUT, CMP_NOMBRE, CMP_APELLIDO, TBL_CURSO_CMP_IDCURSO, TBL_PROGRAMA_CMP_IDPROGRAM) 
VALUES ('98765432-0', 'Pedro', 'Recabarren', '24', '1');
INSERT INTO TBL_ALUMN (CMP_RUT, CMP_NOMBRE, CMP_APELLIDO, TBL_CURSO_CMP_IDCURSO, TBL_PROGRAMA_CMP_IDPROGRAM) 
VALUES ('98765432-1', 'Julian', 'Pizarro', '24', '1');
INSERT INTO TBL_ALUMN (CMP_RUT, CMP_NOMBRE, CMP_APELLIDO, TBL_CURSO_CMP_IDCURSO, TBL_PROGRAMA_CMP_IDPROGRAM) 
VALUES ('98765432-2', 'Rafael', 'Araneda', '24', '1');
INSERT INTO TBL_ALUMN (CMP_RUT, CMP_NOMBRE, CMP_APELLIDO, TBL_CURSO_CMP_IDCURSO, TBL_PROGRAMA_CMP_IDPROGRAM) 
VALUES ('98765432-3', 'Mario', 'Gonsalez', '24', '1');
INSERT INTO TBL_ALUMN (CMP_RUT, CMP_NOMBRE, CMP_APELLIDO, TBL_CURSO_CMP_IDCURSO, TBL_PROGRAMA_CMP_IDPROGRAM) 
VALUES ('98765432-4', 'Francisco', 'Fuentes', '24', '1');
INSERT INTO TBL_ALUMN (CMP_RUT, CMP_NOMBRE, CMP_APELLIDO, TBL_CURSO_CMP_IDCURSO, TBL_PROGRAMA_CMP_IDPROGRAM) 
VALUES ('98765432-5', 'Felipe', 'Camiroaga', '24', '1');
INSERT INTO TBL_ALUMN (CMP_RUT, CMP_NOMBRE, CMP_APELLIDO, TBL_CURSO_CMP_IDCURSO, TBL_PROGRAMA_CMP_IDPROGRAM) 
VALUES ('98765432-6', 'Luis', 'Perez', '24', '1');
INSERT INTO TBL_ALUMN (CMP_RUT, CMP_NOMBRE, CMP_APELLIDO, TBL_CURSO_CMP_IDCURSO, TBL_PROGRAMA_CMP_IDPROGRAM) 
VALUES ('98765432-7', 'Carlos', 'Caceres', '24', '1');
INSERT INTO TBL_ALUMN (CMP_RUT, CMP_NOMBRE, CMP_APELLIDO, TBL_CURSO_CMP_IDCURSO, TBL_PROGRAMA_CMP_IDPROGRAM) 
VALUES ('98765432-8', 'Camilo', 'Andrade', '24', '1');
INSERT INTO TBL_ALUMN (CMP_RUT, CMP_NOMBRE, CMP_APELLIDO, TBL_CURSO_CMP_IDCURSO, TBL_PROGRAMA_CMP_IDPROGRAM) 
VALUES ('98765432-9', 'Marco', 'Inostroza', '24', '1');
INSERT INTO TBL_ALUMN (CMP_RUT, CMP_NOMBRE, CMP_APELLIDO, TBL_CURSO_CMP_IDCURSO, TBL_PROGRAMA_CMP_IDPROGRAM) 
VALUES ('87654321-0', 'Luisa', 'Amdaur', '24', '1');
INSERT INTO TBL_ALUMN (CMP_RUT, CMP_NOMBRE, CMP_APELLIDO, TBL_CURSO_CMP_IDCURSO, TBL_PROGRAMA_CMP_IDPROGRAM) 
VALUES ('87654321-1', 'Javiera', 'Otarola', '24', '1');
INSERT INTO TBL_ALUMN (CMP_RUT, CMP_NOMBRE, CMP_APELLIDO, TBL_CURSO_CMP_IDCURSO, TBL_PROGRAMA_CMP_IDPROGRAM) 
VALUES ('87654321-2', 'Tamara', 'Gutierrez', '24', '1');
INSERT INTO TBL_ALUMN (CMP_RUT, CMP_NOMBRE, CMP_APELLIDO, TBL_CURSO_CMP_IDCURSO, TBL_PROGRAMA_CMP_IDPROGRAM) 
VALUES ('87654321-3', 'Camila', 'Duarte', '24', '1');
INSERT INTO TBL_ALUMN (CMP_RUT, CMP_NOMBRE, CMP_APELLIDO, TBL_CURSO_CMP_IDCURSO, TBL_PROGRAMA_CMP_IDPROGRAM) 
VALUES ('87654321-4', 'Antonia', 'Villablanca', '24', '1');
INSERT INTO TBL_ALUMN (CMP_RUT, CMP_NOMBRE, CMP_APELLIDO, TBL_CURSO_CMP_IDCURSO, TBL_PROGRAMA_CMP_IDPROGRAM) 
VALUES ('87654321-5', 'Elena', 'Pizarro', '24', '1');
INSERT INTO TBL_ALUMN (CMP_RUT, CMP_NOMBRE, CMP_APELLIDO, TBL_CURSO_CMP_IDCURSO, TBL_PROGRAMA_CMP_IDPROGRAM) 
VALUES ('87654321-6', 'Ignacia', 'Duarte', '24', '1');
INSERT INTO TBL_ALUMN (CMP_RUT, CMP_NOMBRE, CMP_APELLIDO, TBL_CURSO_CMP_IDCURSO, TBL_PROGRAMA_CMP_IDPROGRAM) 
VALUES ('87654321-7', 'Maria', 'Escobar', '24', '1');
INSERT INTO TBL_ALUMN (CMP_RUT, CMP_NOMBRE, CMP_APELLIDO, TBL_CURSO_CMP_IDCURSO, TBL_PROGRAMA_CMP_IDPROGRAM) 
VALUES ('87654321-8', 'Isidora', 'Fernandez', '24', '1');
INSERT INTO TBL_ALUMN (CMP_RUT, CMP_NOMBRE, CMP_APELLIDO, TBL_CURSO_CMP_IDCURSO, TBL_PROGRAMA_CMP_IDPROGRAM) 
VALUES ('87654321-9', 'Fernanda', 'Quiero', '24', '1');

--Creacion de respuestas de prueba
INSERT INTO TBL_REGISTROS (CMP_IDREGISTRO, TBL_PROGRAMA_CMP_IDPROGRAM, TBL_TEST_CMP_IDTEST, TBL_CURSO_CMP_IDCURSO, TBL_ALUMN_CMP_RUT, TBL_PREG_CMP_IDPREGUNTA, TBL_ALTERNAT_CMP_IDALTERNATIVA) 
VALUES ('1', '1', '1', '23', '12345678-0', '10', '101');
INSERT INTO TBL_REGISTROS (CMP_IDREGISTRO, TBL_PROGRAMA_CMP_IDPROGRAM, TBL_TEST_CMP_IDTEST, TBL_CURSO_CMP_IDCURSO, TBL_ALUMN_CMP_RUT, TBL_PREG_CMP_IDPREGUNTA, TBL_ALTERNAT_CMP_IDALTERNATIVA) 
VALUES ('2', '1', '1', '23', '12345678-0', '11', '102');
INSERT INTO TBL_REGISTROS (CMP_IDREGISTRO, TBL_PROGRAMA_CMP_IDPROGRAM, TBL_TEST_CMP_IDTEST, TBL_CURSO_CMP_IDCURSO, TBL_ALUMN_CMP_RUT, TBL_PREG_CMP_IDPREGUNTA, TBL_ALTERNAT_CMP_IDALTERNATIVA) 
VALUES ('3', '1', '1', '23', '12345678-0', '12', '103');
INSERT INTO TBL_REGISTROS (CMP_IDREGISTRO, TBL_PROGRAMA_CMP_IDPROGRAM, TBL_TEST_CMP_IDTEST, TBL_CURSO_CMP_IDCURSO, TBL_ALUMN_CMP_RUT, TBL_PREG_CMP_IDPREGUNTA, TBL_ALTERNAT_CMP_IDALTERNATIVA) 
VALUES ('4', '1', '1', '23', '12345678-0', '13', '104');
INSERT INTO TBL_REGISTROS (CMP_IDREGISTRO, TBL_PROGRAMA_CMP_IDPROGRAM, TBL_TEST_CMP_IDTEST, TBL_CURSO_CMP_IDCURSO, TBL_ALUMN_CMP_RUT, TBL_PREG_CMP_IDPREGUNTA, TBL_ALTERNAT_CMP_IDALTERNATIVA) 
VALUES ('5', '1', '1', '23', '12345678-0', '14', '101');
INSERT INTO TBL_REGISTROS (CMP_IDREGISTRO, TBL_PROGRAMA_CMP_IDPROGRAM, TBL_TEST_CMP_IDTEST, TBL_CURSO_CMP_IDCURSO, TBL_ALUMN_CMP_RUT, TBL_PREG_CMP_IDPREGUNTA, TBL_ALTERNAT_CMP_IDALTERNATIVA) 
VALUES ('6', '1', '1', '23', '12345678-0', '15', '102');
INSERT INTO TBL_REGISTROS (CMP_IDREGISTRO, TBL_PROGRAMA_CMP_IDPROGRAM, TBL_TEST_CMP_IDTEST, TBL_CURSO_CMP_IDCURSO, TBL_ALUMN_CMP_RUT, TBL_PREG_CMP_IDPREGUNTA, TBL_ALTERNAT_CMP_IDALTERNATIVA) 
VALUES ('7', '1', '1', '23', '12345678-0', '16', '103');
INSERT INTO TBL_REGISTROS (CMP_IDREGISTRO, TBL_PROGRAMA_CMP_IDPROGRAM, TBL_TEST_CMP_IDTEST, TBL_CURSO_CMP_IDCURSO, TBL_ALUMN_CMP_RUT, TBL_PREG_CMP_IDPREGUNTA, TBL_ALTERNAT_CMP_IDALTERNATIVA) 
VALUES ('8', '1', '1', '23', '12345678-0', '17', '104');
INSERT INTO TBL_REGISTROS (CMP_IDREGISTRO, TBL_PROGRAMA_CMP_IDPROGRAM, TBL_TEST_CMP_IDTEST, TBL_CURSO_CMP_IDCURSO, TBL_ALUMN_CMP_RUT, TBL_PREG_CMP_IDPREGUNTA, TBL_ALTERNAT_CMP_IDALTERNATIVA) 
VALUES ('9', '1', '1', '23', '12345678-0', '18', '101');
INSERT INTO TBL_REGISTROS (CMP_IDREGISTRO, TBL_PROGRAMA_CMP_IDPROGRAM, TBL_TEST_CMP_IDTEST, TBL_CURSO_CMP_IDCURSO, TBL_ALUMN_CMP_RUT, TBL_PREG_CMP_IDPREGUNTA, TBL_ALTERNAT_CMP_IDALTERNATIVA) 
VALUES ('10', '1', '1', '23', '12345678-0', '19', '102');

INSERT INTO TBL_REGISTROS (CMP_IDREGISTRO, TBL_PROGRAMA_CMP_IDPROGRAM, TBL_TEST_CMP_IDTEST, TBL_CURSO_CMP_IDCURSO, TBL_ALUMN_CMP_RUT, TBL_PREG_CMP_IDPREGUNTA, TBL_ALTERNAT_CMP_IDALTERNATIVA) 
VALUES ('11', '1', '1', '23', '12345678-1', '10', '102');
INSERT INTO TBL_REGISTROS (CMP_IDREGISTRO, TBL_PROGRAMA_CMP_IDPROGRAM, TBL_TEST_CMP_IDTEST, TBL_CURSO_CMP_IDCURSO, TBL_ALUMN_CMP_RUT, TBL_PREG_CMP_IDPREGUNTA, TBL_ALTERNAT_CMP_IDALTERNATIVA) 
VALUES ('12', '1', '1', '23', '12345678-1', '11', '103');
INSERT INTO TBL_REGISTROS (CMP_IDREGISTRO, TBL_PROGRAMA_CMP_IDPROGRAM, TBL_TEST_CMP_IDTEST, TBL_CURSO_CMP_IDCURSO, TBL_ALUMN_CMP_RUT, TBL_PREG_CMP_IDPREGUNTA, TBL_ALTERNAT_CMP_IDALTERNATIVA) 
VALUES ('13', '1', '1', '23', '12345678-1', '12', '104');
INSERT INTO TBL_REGISTROS (CMP_IDREGISTRO, TBL_PROGRAMA_CMP_IDPROGRAM, TBL_TEST_CMP_IDTEST, TBL_CURSO_CMP_IDCURSO, TBL_ALUMN_CMP_RUT, TBL_PREG_CMP_IDPREGUNTA, TBL_ALTERNAT_CMP_IDALTERNATIVA) 
VALUES ('14', '1', '1', '23', '12345678-1', '13', '101');
INSERT INTO TBL_REGISTROS (CMP_IDREGISTRO, TBL_PROGRAMA_CMP_IDPROGRAM, TBL_TEST_CMP_IDTEST, TBL_CURSO_CMP_IDCURSO, TBL_ALUMN_CMP_RUT, TBL_PREG_CMP_IDPREGUNTA, TBL_ALTERNAT_CMP_IDALTERNATIVA) 
VALUES ('15', '1', '1', '23', '12345678-1', '14', '102');
INSERT INTO TBL_REGISTROS (CMP_IDREGISTRO, TBL_PROGRAMA_CMP_IDPROGRAM, TBL_TEST_CMP_IDTEST, TBL_CURSO_CMP_IDCURSO, TBL_ALUMN_CMP_RUT, TBL_PREG_CMP_IDPREGUNTA, TBL_ALTERNAT_CMP_IDALTERNATIVA) 
VALUES ('16', '1', '1', '23', '12345678-1', '15', '103');
INSERT INTO TBL_REGISTROS (CMP_IDREGISTRO, TBL_PROGRAMA_CMP_IDPROGRAM, TBL_TEST_CMP_IDTEST, TBL_CURSO_CMP_IDCURSO, TBL_ALUMN_CMP_RUT, TBL_PREG_CMP_IDPREGUNTA, TBL_ALTERNAT_CMP_IDALTERNATIVA) 
VALUES ('17', '1', '1', '23', '12345678-1', '16', '104');
INSERT INTO TBL_REGISTROS (CMP_IDREGISTRO, TBL_PROGRAMA_CMP_IDPROGRAM, TBL_TEST_CMP_IDTEST, TBL_CURSO_CMP_IDCURSO, TBL_ALUMN_CMP_RUT, TBL_PREG_CMP_IDPREGUNTA, TBL_ALTERNAT_CMP_IDALTERNATIVA) 
VALUES ('18', '1', '1', '23', '12345678-1', '17', '101');
INSERT INTO TBL_REGISTROS (CMP_IDREGISTRO, TBL_PROGRAMA_CMP_IDPROGRAM, TBL_TEST_CMP_IDTEST, TBL_CURSO_CMP_IDCURSO, TBL_ALUMN_CMP_RUT, TBL_PREG_CMP_IDPREGUNTA, TBL_ALTERNAT_CMP_IDALTERNATIVA) 
VALUES ('19', '1', '1', '23', '12345678-1', '18', '102');
INSERT INTO TBL_REGISTROS (CMP_IDREGISTRO, TBL_PROGRAMA_CMP_IDPROGRAM, TBL_TEST_CMP_IDTEST, TBL_CURSO_CMP_IDCURSO, TBL_ALUMN_CMP_RUT, TBL_PREG_CMP_IDPREGUNTA, TBL_ALTERNAT_CMP_IDALTERNATIVA) 
VALUES ('20', '1', '1', '23', '12345678-1', '19', '103');

INSERT INTO TBL_REGISTROS (CMP_IDREGISTRO, TBL_PROGRAMA_CMP_IDPROGRAM, TBL_TEST_CMP_IDTEST, TBL_CURSO_CMP_IDCURSO, TBL_ALUMN_CMP_RUT, TBL_PREG_CMP_IDPREGUNTA, TBL_ALTERNAT_CMP_IDALTERNATIVA) 
VALUES ('21', '1', '1', '23', '12345678-2', '10', '103');
INSERT INTO TBL_REGISTROS (CMP_IDREGISTRO, TBL_PROGRAMA_CMP_IDPROGRAM, TBL_TEST_CMP_IDTEST, TBL_CURSO_CMP_IDCURSO, TBL_ALUMN_CMP_RUT, TBL_PREG_CMP_IDPREGUNTA, TBL_ALTERNAT_CMP_IDALTERNATIVA) 
VALUES ('22', '1', '1', '23', '12345678-2', '11', '104');
INSERT INTO TBL_REGISTROS (CMP_IDREGISTRO, TBL_PROGRAMA_CMP_IDPROGRAM, TBL_TEST_CMP_IDTEST, TBL_CURSO_CMP_IDCURSO, TBL_ALUMN_CMP_RUT, TBL_PREG_CMP_IDPREGUNTA, TBL_ALTERNAT_CMP_IDALTERNATIVA) 
VALUES ('23', '1', '1', '23', '12345678-2', '12', '101');
INSERT INTO TBL_REGISTROS (CMP_IDREGISTRO, TBL_PROGRAMA_CMP_IDPROGRAM, TBL_TEST_CMP_IDTEST, TBL_CURSO_CMP_IDCURSO, TBL_ALUMN_CMP_RUT, TBL_PREG_CMP_IDPREGUNTA, TBL_ALTERNAT_CMP_IDALTERNATIVA) 
VALUES ('24', '1', '1', '23', '12345678-2', '13', '102');
INSERT INTO TBL_REGISTROS (CMP_IDREGISTRO, TBL_PROGRAMA_CMP_IDPROGRAM, TBL_TEST_CMP_IDTEST, TBL_CURSO_CMP_IDCURSO, TBL_ALUMN_CMP_RUT, TBL_PREG_CMP_IDPREGUNTA, TBL_ALTERNAT_CMP_IDALTERNATIVA) 
VALUES ('25', '1', '1', '23', '12345678-2', '14', '103');
INSERT INTO TBL_REGISTROS (CMP_IDREGISTRO, TBL_PROGRAMA_CMP_IDPROGRAM, TBL_TEST_CMP_IDTEST, TBL_CURSO_CMP_IDCURSO, TBL_ALUMN_CMP_RUT, TBL_PREG_CMP_IDPREGUNTA, TBL_ALTERNAT_CMP_IDALTERNATIVA) 
VALUES ('26', '1', '1', '23', '12345678-2', '15', '104');
INSERT INTO TBL_REGISTROS (CMP_IDREGISTRO, TBL_PROGRAMA_CMP_IDPROGRAM, TBL_TEST_CMP_IDTEST, TBL_CURSO_CMP_IDCURSO, TBL_ALUMN_CMP_RUT, TBL_PREG_CMP_IDPREGUNTA, TBL_ALTERNAT_CMP_IDALTERNATIVA) 
VALUES ('27', '1', '1', '23', '12345678-2', '16', '101');
INSERT INTO TBL_REGISTROS (CMP_IDREGISTRO, TBL_PROGRAMA_CMP_IDPROGRAM, TBL_TEST_CMP_IDTEST, TBL_CURSO_CMP_IDCURSO, TBL_ALUMN_CMP_RUT, TBL_PREG_CMP_IDPREGUNTA, TBL_ALTERNAT_CMP_IDALTERNATIVA) 
VALUES ('28', '1', '1', '23', '12345678-2', '17', '102');
INSERT INTO TBL_REGISTROS (CMP_IDREGISTRO, TBL_PROGRAMA_CMP_IDPROGRAM, TBL_TEST_CMP_IDTEST, TBL_CURSO_CMP_IDCURSO, TBL_ALUMN_CMP_RUT, TBL_PREG_CMP_IDPREGUNTA, TBL_ALTERNAT_CMP_IDALTERNATIVA) 
VALUES ('29', '1', '1', '23', '12345678-2', '18', '103');
INSERT INTO TBL_REGISTROS (CMP_IDREGISTRO, TBL_PROGRAMA_CMP_IDPROGRAM, TBL_TEST_CMP_IDTEST, TBL_CURSO_CMP_IDCURSO, TBL_ALUMN_CMP_RUT, TBL_PREG_CMP_IDPREGUNTA, TBL_ALTERNAT_CMP_IDALTERNATIVA) 
VALUES ('30', '1', '1', '23', '12345678-2', '19', '104');

INSERT INTO TBL_REGISTROS (CMP_IDREGISTRO, TBL_PROGRAMA_CMP_IDPROGRAM, TBL_TEST_CMP_IDTEST, TBL_CURSO_CMP_IDCURSO, TBL_ALUMN_CMP_RUT, TBL_PREG_CMP_IDPREGUNTA, TBL_ALTERNAT_CMP_IDALTERNATIVA) 
VALUES ('31', '1', '1', '23', '12345678-3', '10', '104');
INSERT INTO TBL_REGISTROS (CMP_IDREGISTRO, TBL_PROGRAMA_CMP_IDPROGRAM, TBL_TEST_CMP_IDTEST, TBL_CURSO_CMP_IDCURSO, TBL_ALUMN_CMP_RUT, TBL_PREG_CMP_IDPREGUNTA, TBL_ALTERNAT_CMP_IDALTERNATIVA) 
VALUES ('32', '1', '1', '23', '12345678-3', '11', '101');
INSERT INTO TBL_REGISTROS (CMP_IDREGISTRO, TBL_PROGRAMA_CMP_IDPROGRAM, TBL_TEST_CMP_IDTEST, TBL_CURSO_CMP_IDCURSO, TBL_ALUMN_CMP_RUT, TBL_PREG_CMP_IDPREGUNTA, TBL_ALTERNAT_CMP_IDALTERNATIVA) 
VALUES ('33', '1', '1', '23', '12345678-3', '12', '102');
INSERT INTO TBL_REGISTROS (CMP_IDREGISTRO, TBL_PROGRAMA_CMP_IDPROGRAM, TBL_TEST_CMP_IDTEST, TBL_CURSO_CMP_IDCURSO, TBL_ALUMN_CMP_RUT, TBL_PREG_CMP_IDPREGUNTA, TBL_ALTERNAT_CMP_IDALTERNATIVA) 
VALUES ('34', '1', '1', '23', '12345678-3', '13', '103');
INSERT INTO TBL_REGISTROS (CMP_IDREGISTRO, TBL_PROGRAMA_CMP_IDPROGRAM, TBL_TEST_CMP_IDTEST, TBL_CURSO_CMP_IDCURSO, TBL_ALUMN_CMP_RUT, TBL_PREG_CMP_IDPREGUNTA, TBL_ALTERNAT_CMP_IDALTERNATIVA) 
VALUES ('35', '1', '1', '23', '12345678-3', '14', '104');
INSERT INTO TBL_REGISTROS (CMP_IDREGISTRO, TBL_PROGRAMA_CMP_IDPROGRAM, TBL_TEST_CMP_IDTEST, TBL_CURSO_CMP_IDCURSO, TBL_ALUMN_CMP_RUT, TBL_PREG_CMP_IDPREGUNTA, TBL_ALTERNAT_CMP_IDALTERNATIVA) 
VALUES ('36', '1', '1', '23', '12345678-3', '15', '101');
INSERT INTO TBL_REGISTROS (CMP_IDREGISTRO, TBL_PROGRAMA_CMP_IDPROGRAM, TBL_TEST_CMP_IDTEST, TBL_CURSO_CMP_IDCURSO, TBL_ALUMN_CMP_RUT, TBL_PREG_CMP_IDPREGUNTA, TBL_ALTERNAT_CMP_IDALTERNATIVA) 
VALUES ('37', '1', '1', '23', '12345678-3', '16', '102');
INSERT INTO TBL_REGISTROS (CMP_IDREGISTRO, TBL_PROGRAMA_CMP_IDPROGRAM, TBL_TEST_CMP_IDTEST, TBL_CURSO_CMP_IDCURSO, TBL_ALUMN_CMP_RUT, TBL_PREG_CMP_IDPREGUNTA, TBL_ALTERNAT_CMP_IDALTERNATIVA) 
VALUES ('38', '1', '1', '23', '12345678-3', '17', '103');
INSERT INTO TBL_REGISTROS (CMP_IDREGISTRO, TBL_PROGRAMA_CMP_IDPROGRAM, TBL_TEST_CMP_IDTEST, TBL_CURSO_CMP_IDCURSO, TBL_ALUMN_CMP_RUT, TBL_PREG_CMP_IDPREGUNTA, TBL_ALTERNAT_CMP_IDALTERNATIVA) 
VALUES ('39', '1', '1', '23', '12345678-3', '18', '104');
INSERT INTO TBL_REGISTROS (CMP_IDREGISTRO, TBL_PROGRAMA_CMP_IDPROGRAM, TBL_TEST_CMP_IDTEST, TBL_CURSO_CMP_IDCURSO, TBL_ALUMN_CMP_RUT, TBL_PREG_CMP_IDPREGUNTA, TBL_ALTERNAT_CMP_IDALTERNATIVA) 
VALUES ('40', '1', '1', '23', '12345678-3', '19', '101');

INSERT INTO TBL_REGISTROS (CMP_IDREGISTRO, TBL_PROGRAMA_CMP_IDPROGRAM, TBL_TEST_CMP_IDTEST, TBL_CURSO_CMP_IDCURSO, TBL_ALUMN_CMP_RUT, TBL_PREG_CMP_IDPREGUNTA, TBL_ALTERNAT_CMP_IDALTERNATIVA) 
VALUES ('41', '1', '1', '23', '12345678-4', '10', '104');
INSERT INTO TBL_REGISTROS (CMP_IDREGISTRO, TBL_PROGRAMA_CMP_IDPROGRAM, TBL_TEST_CMP_IDTEST, TBL_CURSO_CMP_IDCURSO, TBL_ALUMN_CMP_RUT, TBL_PREG_CMP_IDPREGUNTA, TBL_ALTERNAT_CMP_IDALTERNATIVA) 
VALUES ('42', '1', '1', '23', '12345678-4', '11', '102');
INSERT INTO TBL_REGISTROS (CMP_IDREGISTRO, TBL_PROGRAMA_CMP_IDPROGRAM, TBL_TEST_CMP_IDTEST, TBL_CURSO_CMP_IDCURSO, TBL_ALUMN_CMP_RUT, TBL_PREG_CMP_IDPREGUNTA, TBL_ALTERNAT_CMP_IDALTERNATIVA) 
VALUES ('43', '1', '1', '23', '12345678-4', '12', '103');
INSERT INTO TBL_REGISTROS (CMP_IDREGISTRO, TBL_PROGRAMA_CMP_IDPROGRAM, TBL_TEST_CMP_IDTEST, TBL_CURSO_CMP_IDCURSO, TBL_ALUMN_CMP_RUT, TBL_PREG_CMP_IDPREGUNTA, TBL_ALTERNAT_CMP_IDALTERNATIVA) 
VALUES ('44', '1', '1', '23', '12345678-4', '13', '104');
INSERT INTO TBL_REGISTROS (CMP_IDREGISTRO, TBL_PROGRAMA_CMP_IDPROGRAM, TBL_TEST_CMP_IDTEST, TBL_CURSO_CMP_IDCURSO, TBL_ALUMN_CMP_RUT, TBL_PREG_CMP_IDPREGUNTA, TBL_ALTERNAT_CMP_IDALTERNATIVA) 
VALUES ('45', '1', '1', '23', '12345678-4', '14', '101');
INSERT INTO TBL_REGISTROS (CMP_IDREGISTRO, TBL_PROGRAMA_CMP_IDPROGRAM, TBL_TEST_CMP_IDTEST, TBL_CURSO_CMP_IDCURSO, TBL_ALUMN_CMP_RUT, TBL_PREG_CMP_IDPREGUNTA, TBL_ALTERNAT_CMP_IDALTERNATIVA) 
VALUES ('46', '1', '1', '23', '12345678-4', '15', '102');
INSERT INTO TBL_REGISTROS (CMP_IDREGISTRO, TBL_PROGRAMA_CMP_IDPROGRAM, TBL_TEST_CMP_IDTEST, TBL_CURSO_CMP_IDCURSO, TBL_ALUMN_CMP_RUT, TBL_PREG_CMP_IDPREGUNTA, TBL_ALTERNAT_CMP_IDALTERNATIVA) 
VALUES ('47', '1', '1', '23', '12345678-4', '16', '103');
INSERT INTO TBL_REGISTROS (CMP_IDREGISTRO, TBL_PROGRAMA_CMP_IDPROGRAM, TBL_TEST_CMP_IDTEST, TBL_CURSO_CMP_IDCURSO, TBL_ALUMN_CMP_RUT, TBL_PREG_CMP_IDPREGUNTA, TBL_ALTERNAT_CMP_IDALTERNATIVA) 
VALUES ('48', '1', '1', '23', '12345678-4', '17', '104');
INSERT INTO TBL_REGISTROS (CMP_IDREGISTRO, TBL_PROGRAMA_CMP_IDPROGRAM, TBL_TEST_CMP_IDTEST, TBL_CURSO_CMP_IDCURSO, TBL_ALUMN_CMP_RUT, TBL_PREG_CMP_IDPREGUNTA, TBL_ALTERNAT_CMP_IDALTERNATIVA) 
VALUES ('49', '1', '1', '23', '12345678-4', '18', '101');
INSERT INTO TBL_REGISTROS (CMP_IDREGISTRO, TBL_PROGRAMA_CMP_IDPROGRAM, TBL_TEST_CMP_IDTEST, TBL_CURSO_CMP_IDCURSO, TBL_ALUMN_CMP_RUT, TBL_PREG_CMP_IDPREGUNTA, TBL_ALTERNAT_CMP_IDALTERNATIVA) 
VALUES ('50', '1', '1', '23', '12345678-4', '19', '102');

INSERT INTO TBL_REGISTROS (CMP_IDREGISTRO, TBL_PROGRAMA_CMP_IDPROGRAM, TBL_TEST_CMP_IDTEST, TBL_CURSO_CMP_IDCURSO, TBL_ALUMN_CMP_RUT, TBL_PREG_CMP_IDPREGUNTA, TBL_ALTERNAT_CMP_IDALTERNATIVA) 
VALUES ('51', '1', '1', '23', '12345678-5', '10', '101');
INSERT INTO TBL_REGISTROS (CMP_IDREGISTRO, TBL_PROGRAMA_CMP_IDPROGRAM, TBL_TEST_CMP_IDTEST, TBL_CURSO_CMP_IDCURSO, TBL_ALUMN_CMP_RUT, TBL_PREG_CMP_IDPREGUNTA, TBL_ALTERNAT_CMP_IDALTERNATIVA) 
VALUES ('52', '1', '1', '23', '12345678-5', '11', '102');
INSERT INTO TBL_REGISTROS (CMP_IDREGISTRO, TBL_PROGRAMA_CMP_IDPROGRAM, TBL_TEST_CMP_IDTEST, TBL_CURSO_CMP_IDCURSO, TBL_ALUMN_CMP_RUT, TBL_PREG_CMP_IDPREGUNTA, TBL_ALTERNAT_CMP_IDALTERNATIVA) 
VALUES ('53', '1', '1', '23', '12345678-5', '12', '103');
INSERT INTO TBL_REGISTROS (CMP_IDREGISTRO, TBL_PROGRAMA_CMP_IDPROGRAM, TBL_TEST_CMP_IDTEST, TBL_CURSO_CMP_IDCURSO, TBL_ALUMN_CMP_RUT, TBL_PREG_CMP_IDPREGUNTA, TBL_ALTERNAT_CMP_IDALTERNATIVA) 
VALUES ('54', '1', '1', '23', '12345678-5', '13', '104');
INSERT INTO TBL_REGISTROS (CMP_IDREGISTRO, TBL_PROGRAMA_CMP_IDPROGRAM, TBL_TEST_CMP_IDTEST, TBL_CURSO_CMP_IDCURSO, TBL_ALUMN_CMP_RUT, TBL_PREG_CMP_IDPREGUNTA, TBL_ALTERNAT_CMP_IDALTERNATIVA) 
VALUES ('55', '1', '1', '23', '12345678-5', '14', '101');
INSERT INTO TBL_REGISTROS (CMP_IDREGISTRO, TBL_PROGRAMA_CMP_IDPROGRAM, TBL_TEST_CMP_IDTEST, TBL_CURSO_CMP_IDCURSO, TBL_ALUMN_CMP_RUT, TBL_PREG_CMP_IDPREGUNTA, TBL_ALTERNAT_CMP_IDALTERNATIVA) 
VALUES ('56', '1', '1', '23', '12345678-5', '15', '102');
INSERT INTO TBL_REGISTROS (CMP_IDREGISTRO, TBL_PROGRAMA_CMP_IDPROGRAM, TBL_TEST_CMP_IDTEST, TBL_CURSO_CMP_IDCURSO, TBL_ALUMN_CMP_RUT, TBL_PREG_CMP_IDPREGUNTA, TBL_ALTERNAT_CMP_IDALTERNATIVA) 
VALUES ('57', '1', '1', '23', '12345678-5', '16', '103');
INSERT INTO TBL_REGISTROS (CMP_IDREGISTRO, TBL_PROGRAMA_CMP_IDPROGRAM, TBL_TEST_CMP_IDTEST, TBL_CURSO_CMP_IDCURSO, TBL_ALUMN_CMP_RUT, TBL_PREG_CMP_IDPREGUNTA, TBL_ALTERNAT_CMP_IDALTERNATIVA) 
VALUES ('58', '1', '1', '23', '12345678-5', '17', '104');
INSERT INTO TBL_REGISTROS (CMP_IDREGISTRO, TBL_PROGRAMA_CMP_IDPROGRAM, TBL_TEST_CMP_IDTEST, TBL_CURSO_CMP_IDCURSO, TBL_ALUMN_CMP_RUT, TBL_PREG_CMP_IDPREGUNTA, TBL_ALTERNAT_CMP_IDALTERNATIVA) 
VALUES ('59', '1', '1', '23', '12345678-5', '18', '101');
INSERT INTO TBL_REGISTROS (CMP_IDREGISTRO, TBL_PROGRAMA_CMP_IDPROGRAM, TBL_TEST_CMP_IDTEST, TBL_CURSO_CMP_IDCURSO, TBL_ALUMN_CMP_RUT, TBL_PREG_CMP_IDPREGUNTA, TBL_ALTERNAT_CMP_IDALTERNATIVA) 
VALUES ('60', '1', '1', '23', '12345678-5', '19', '102');

INSERT INTO TBL_REGISTROS (CMP_IDREGISTRO, TBL_PROGRAMA_CMP_IDPROGRAM, TBL_TEST_CMP_IDTEST, TBL_CURSO_CMP_IDCURSO, TBL_ALUMN_CMP_RUT, TBL_PREG_CMP_IDPREGUNTA, TBL_ALTERNAT_CMP_IDALTERNATIVA) 
VALUES ('61', '1', '1', '23', '12345678-6', '10', '102');
INSERT INTO TBL_REGISTROS (CMP_IDREGISTRO, TBL_PROGRAMA_CMP_IDPROGRAM, TBL_TEST_CMP_IDTEST, TBL_CURSO_CMP_IDCURSO, TBL_ALUMN_CMP_RUT, TBL_PREG_CMP_IDPREGUNTA, TBL_ALTERNAT_CMP_IDALTERNATIVA) 
VALUES ('62', '1', '1', '23', '12345678-6', '11', '103');
INSERT INTO TBL_REGISTROS (CMP_IDREGISTRO, TBL_PROGRAMA_CMP_IDPROGRAM, TBL_TEST_CMP_IDTEST, TBL_CURSO_CMP_IDCURSO, TBL_ALUMN_CMP_RUT, TBL_PREG_CMP_IDPREGUNTA, TBL_ALTERNAT_CMP_IDALTERNATIVA) 
VALUES ('63', '1', '1', '23', '12345678-6', '12', '104');
INSERT INTO TBL_REGISTROS (CMP_IDREGISTRO, TBL_PROGRAMA_CMP_IDPROGRAM, TBL_TEST_CMP_IDTEST, TBL_CURSO_CMP_IDCURSO, TBL_ALUMN_CMP_RUT, TBL_PREG_CMP_IDPREGUNTA, TBL_ALTERNAT_CMP_IDALTERNATIVA) 
VALUES ('64', '1', '1', '23', '12345678-6', '13', '101');
INSERT INTO TBL_REGISTROS (CMP_IDREGISTRO, TBL_PROGRAMA_CMP_IDPROGRAM, TBL_TEST_CMP_IDTEST, TBL_CURSO_CMP_IDCURSO, TBL_ALUMN_CMP_RUT, TBL_PREG_CMP_IDPREGUNTA, TBL_ALTERNAT_CMP_IDALTERNATIVA) 
VALUES ('65', '1', '1', '23', '12345678-6', '14', '102');
INSERT INTO TBL_REGISTROS (CMP_IDREGISTRO, TBL_PROGRAMA_CMP_IDPROGRAM, TBL_TEST_CMP_IDTEST, TBL_CURSO_CMP_IDCURSO, TBL_ALUMN_CMP_RUT, TBL_PREG_CMP_IDPREGUNTA, TBL_ALTERNAT_CMP_IDALTERNATIVA) 
VALUES ('66', '1', '1', '23', '12345678-6', '15', '103');
INSERT INTO TBL_REGISTROS (CMP_IDREGISTRO, TBL_PROGRAMA_CMP_IDPROGRAM, TBL_TEST_CMP_IDTEST, TBL_CURSO_CMP_IDCURSO, TBL_ALUMN_CMP_RUT, TBL_PREG_CMP_IDPREGUNTA, TBL_ALTERNAT_CMP_IDALTERNATIVA) 
VALUES ('67', '1', '1', '23', '12345678-6', '16', '104');
INSERT INTO TBL_REGISTROS (CMP_IDREGISTRO, TBL_PROGRAMA_CMP_IDPROGRAM, TBL_TEST_CMP_IDTEST, TBL_CURSO_CMP_IDCURSO, TBL_ALUMN_CMP_RUT, TBL_PREG_CMP_IDPREGUNTA, TBL_ALTERNAT_CMP_IDALTERNATIVA) 
VALUES ('68', '1', '1', '23', '12345678-6', '17', '101');
INSERT INTO TBL_REGISTROS (CMP_IDREGISTRO, TBL_PROGRAMA_CMP_IDPROGRAM, TBL_TEST_CMP_IDTEST, TBL_CURSO_CMP_IDCURSO, TBL_ALUMN_CMP_RUT, TBL_PREG_CMP_IDPREGUNTA, TBL_ALTERNAT_CMP_IDALTERNATIVA) 
VALUES ('69', '1', '1', '23', '12345678-6', '18', '102');
INSERT INTO TBL_REGISTROS (CMP_IDREGISTRO, TBL_PROGRAMA_CMP_IDPROGRAM, TBL_TEST_CMP_IDTEST, TBL_CURSO_CMP_IDCURSO, TBL_ALUMN_CMP_RUT, TBL_PREG_CMP_IDPREGUNTA, TBL_ALTERNAT_CMP_IDALTERNATIVA) 
VALUES ('70', '1', '1', '23', '12345678-6', '19', '103');

INSERT INTO TBL_REGISTROS (CMP_IDREGISTRO, TBL_PROGRAMA_CMP_IDPROGRAM, TBL_TEST_CMP_IDTEST, TBL_CURSO_CMP_IDCURSO, TBL_ALUMN_CMP_RUT, TBL_PREG_CMP_IDPREGUNTA, TBL_ALTERNAT_CMP_IDALTERNATIVA) 
VALUES ('71', '1', '1', '23', '12345678-7', '10', '101');
INSERT INTO TBL_REGISTROS (CMP_IDREGISTRO, TBL_PROGRAMA_CMP_IDPROGRAM, TBL_TEST_CMP_IDTEST, TBL_CURSO_CMP_IDCURSO, TBL_ALUMN_CMP_RUT, TBL_PREG_CMP_IDPREGUNTA, TBL_ALTERNAT_CMP_IDALTERNATIVA) 
VALUES ('72', '1', '1', '23', '12345678-7', '11', '102');
INSERT INTO TBL_REGISTROS (CMP_IDREGISTRO, TBL_PROGRAMA_CMP_IDPROGRAM, TBL_TEST_CMP_IDTEST, TBL_CURSO_CMP_IDCURSO, TBL_ALUMN_CMP_RUT, TBL_PREG_CMP_IDPREGUNTA, TBL_ALTERNAT_CMP_IDALTERNATIVA) 
VALUES ('73', '1', '1', '23', '12345678-7', '12', '103');
INSERT INTO TBL_REGISTROS (CMP_IDREGISTRO, TBL_PROGRAMA_CMP_IDPROGRAM, TBL_TEST_CMP_IDTEST, TBL_CURSO_CMP_IDCURSO, TBL_ALUMN_CMP_RUT, TBL_PREG_CMP_IDPREGUNTA, TBL_ALTERNAT_CMP_IDALTERNATIVA) 
VALUES ('74', '1', '1', '23', '12345678-7', '13', '104');
INSERT INTO TBL_REGISTROS (CMP_IDREGISTRO, TBL_PROGRAMA_CMP_IDPROGRAM, TBL_TEST_CMP_IDTEST, TBL_CURSO_CMP_IDCURSO, TBL_ALUMN_CMP_RUT, TBL_PREG_CMP_IDPREGUNTA, TBL_ALTERNAT_CMP_IDALTERNATIVA) 
VALUES ('75', '1', '1', '23', '12345678-7', '14', '101');
INSERT INTO TBL_REGISTROS (CMP_IDREGISTRO, TBL_PROGRAMA_CMP_IDPROGRAM, TBL_TEST_CMP_IDTEST, TBL_CURSO_CMP_IDCURSO, TBL_ALUMN_CMP_RUT, TBL_PREG_CMP_IDPREGUNTA, TBL_ALTERNAT_CMP_IDALTERNATIVA) 
VALUES ('76', '1', '1', '23', '12345678-7', '15', '102');
INSERT INTO TBL_REGISTROS (CMP_IDREGISTRO, TBL_PROGRAMA_CMP_IDPROGRAM, TBL_TEST_CMP_IDTEST, TBL_CURSO_CMP_IDCURSO, TBL_ALUMN_CMP_RUT, TBL_PREG_CMP_IDPREGUNTA, TBL_ALTERNAT_CMP_IDALTERNATIVA) 
VALUES ('77', '1', '1', '23', '12345678-7', '16', '103');
INSERT INTO TBL_REGISTROS (CMP_IDREGISTRO, TBL_PROGRAMA_CMP_IDPROGRAM, TBL_TEST_CMP_IDTEST, TBL_CURSO_CMP_IDCURSO, TBL_ALUMN_CMP_RUT, TBL_PREG_CMP_IDPREGUNTA, TBL_ALTERNAT_CMP_IDALTERNATIVA) 
VALUES ('78', '1', '1', '23', '12345678-7', '17', '104');
INSERT INTO TBL_REGISTROS (CMP_IDREGISTRO, TBL_PROGRAMA_CMP_IDPROGRAM, TBL_TEST_CMP_IDTEST, TBL_CURSO_CMP_IDCURSO, TBL_ALUMN_CMP_RUT, TBL_PREG_CMP_IDPREGUNTA, TBL_ALTERNAT_CMP_IDALTERNATIVA) 
VALUES ('79', '1', '1', '23', '12345678-7', '18', '101');
INSERT INTO TBL_REGISTROS (CMP_IDREGISTRO, TBL_PROGRAMA_CMP_IDPROGRAM, TBL_TEST_CMP_IDTEST, TBL_CURSO_CMP_IDCURSO, TBL_ALUMN_CMP_RUT, TBL_PREG_CMP_IDPREGUNTA, TBL_ALTERNAT_CMP_IDALTERNATIVA) 
VALUES ('80', '1', '1', '23', '12345678-7', '19', '102');

INSERT INTO TBL_REGISTROS (CMP_IDREGISTRO, TBL_PROGRAMA_CMP_IDPROGRAM, TBL_TEST_CMP_IDTEST, TBL_CURSO_CMP_IDCURSO, TBL_ALUMN_CMP_RUT, TBL_PREG_CMP_IDPREGUNTA, TBL_ALTERNAT_CMP_IDALTERNATIVA) 
VALUES ('81', '1', '1', '23', '12345678-8', '10', '102');
INSERT INTO TBL_REGISTROS (CMP_IDREGISTRO, TBL_PROGRAMA_CMP_IDPROGRAM, TBL_TEST_CMP_IDTEST, TBL_CURSO_CMP_IDCURSO, TBL_ALUMN_CMP_RUT, TBL_PREG_CMP_IDPREGUNTA, TBL_ALTERNAT_CMP_IDALTERNATIVA) 
VALUES ('82', '1', '1', '23', '12345678-8', '11', '103');
INSERT INTO TBL_REGISTROS (CMP_IDREGISTRO, TBL_PROGRAMA_CMP_IDPROGRAM, TBL_TEST_CMP_IDTEST, TBL_CURSO_CMP_IDCURSO, TBL_ALUMN_CMP_RUT, TBL_PREG_CMP_IDPREGUNTA, TBL_ALTERNAT_CMP_IDALTERNATIVA) 
VALUES ('83', '1', '1', '23', '12345678-8', '12', '104');
INSERT INTO TBL_REGISTROS (CMP_IDREGISTRO, TBL_PROGRAMA_CMP_IDPROGRAM, TBL_TEST_CMP_IDTEST, TBL_CURSO_CMP_IDCURSO, TBL_ALUMN_CMP_RUT, TBL_PREG_CMP_IDPREGUNTA, TBL_ALTERNAT_CMP_IDALTERNATIVA) 
VALUES ('84', '1', '1', '23', '12345678-8', '13', '101');
INSERT INTO TBL_REGISTROS (CMP_IDREGISTRO, TBL_PROGRAMA_CMP_IDPROGRAM, TBL_TEST_CMP_IDTEST, TBL_CURSO_CMP_IDCURSO, TBL_ALUMN_CMP_RUT, TBL_PREG_CMP_IDPREGUNTA, TBL_ALTERNAT_CMP_IDALTERNATIVA) 
VALUES ('85', '1', '1', '23', '12345678-8', '14', '102');
INSERT INTO TBL_REGISTROS (CMP_IDREGISTRO, TBL_PROGRAMA_CMP_IDPROGRAM, TBL_TEST_CMP_IDTEST, TBL_CURSO_CMP_IDCURSO, TBL_ALUMN_CMP_RUT, TBL_PREG_CMP_IDPREGUNTA, TBL_ALTERNAT_CMP_IDALTERNATIVA) 
VALUES ('86', '1', '1', '23', '12345678-8', '15', '103');
INSERT INTO TBL_REGISTROS (CMP_IDREGISTRO, TBL_PROGRAMA_CMP_IDPROGRAM, TBL_TEST_CMP_IDTEST, TBL_CURSO_CMP_IDCURSO, TBL_ALUMN_CMP_RUT, TBL_PREG_CMP_IDPREGUNTA, TBL_ALTERNAT_CMP_IDALTERNATIVA) 
VALUES ('87', '1', '1', '23', '12345678-8', '16', '104');
INSERT INTO TBL_REGISTROS (CMP_IDREGISTRO, TBL_PROGRAMA_CMP_IDPROGRAM, TBL_TEST_CMP_IDTEST, TBL_CURSO_CMP_IDCURSO, TBL_ALUMN_CMP_RUT, TBL_PREG_CMP_IDPREGUNTA, TBL_ALTERNAT_CMP_IDALTERNATIVA) 
VALUES ('88', '1', '1', '23', '12345678-8', '17', '101');
INSERT INTO TBL_REGISTROS (CMP_IDREGISTRO, TBL_PROGRAMA_CMP_IDPROGRAM, TBL_TEST_CMP_IDTEST, TBL_CURSO_CMP_IDCURSO, TBL_ALUMN_CMP_RUT, TBL_PREG_CMP_IDPREGUNTA, TBL_ALTERNAT_CMP_IDALTERNATIVA) 
VALUES ('89', '1', '1', '23', '12345678-8', '18', '102');
INSERT INTO TBL_REGISTROS (CMP_IDREGISTRO, TBL_PROGRAMA_CMP_IDPROGRAM, TBL_TEST_CMP_IDTEST, TBL_CURSO_CMP_IDCURSO, TBL_ALUMN_CMP_RUT, TBL_PREG_CMP_IDPREGUNTA, TBL_ALTERNAT_CMP_IDALTERNATIVA) 
VALUES ('90', '1', '1', '23', '12345678-8', '19', '103');

INSERT INTO TBL_REGISTROS (CMP_IDREGISTRO, TBL_PROGRAMA_CMP_IDPROGRAM, TBL_TEST_CMP_IDTEST, TBL_CURSO_CMP_IDCURSO, TBL_ALUMN_CMP_RUT, TBL_PREG_CMP_IDPREGUNTA, TBL_ALTERNAT_CMP_IDALTERNATIVA) 
VALUES ('91', '1', '1', '23', '12345678-9', '10', '103');
INSERT INTO TBL_REGISTROS (CMP_IDREGISTRO, TBL_PROGRAMA_CMP_IDPROGRAM, TBL_TEST_CMP_IDTEST, TBL_CURSO_CMP_IDCURSO, TBL_ALUMN_CMP_RUT, TBL_PREG_CMP_IDPREGUNTA, TBL_ALTERNAT_CMP_IDALTERNATIVA) 
VALUES ('92', '1', '1', '23', '12345678-9', '11', '104');
INSERT INTO TBL_REGISTROS (CMP_IDREGISTRO, TBL_PROGRAMA_CMP_IDPROGRAM, TBL_TEST_CMP_IDTEST, TBL_CURSO_CMP_IDCURSO, TBL_ALUMN_CMP_RUT, TBL_PREG_CMP_IDPREGUNTA, TBL_ALTERNAT_CMP_IDALTERNATIVA) 
VALUES ('93', '1', '1', '23', '12345678-9', '12', '101');
INSERT INTO TBL_REGISTROS (CMP_IDREGISTRO, TBL_PROGRAMA_CMP_IDPROGRAM, TBL_TEST_CMP_IDTEST, TBL_CURSO_CMP_IDCURSO, TBL_ALUMN_CMP_RUT, TBL_PREG_CMP_IDPREGUNTA, TBL_ALTERNAT_CMP_IDALTERNATIVA) 
VALUES ('94', '1', '1', '23', '12345678-9', '13', '102');
INSERT INTO TBL_REGISTROS (CMP_IDREGISTRO, TBL_PROGRAMA_CMP_IDPROGRAM, TBL_TEST_CMP_IDTEST, TBL_CURSO_CMP_IDCURSO, TBL_ALUMN_CMP_RUT, TBL_PREG_CMP_IDPREGUNTA, TBL_ALTERNAT_CMP_IDALTERNATIVA) 
VALUES ('95', '1', '1', '23', '12345678-9', '14', '103');
INSERT INTO TBL_REGISTROS (CMP_IDREGISTRO, TBL_PROGRAMA_CMP_IDPROGRAM, TBL_TEST_CMP_IDTEST, TBL_CURSO_CMP_IDCURSO, TBL_ALUMN_CMP_RUT, TBL_PREG_CMP_IDPREGUNTA, TBL_ALTERNAT_CMP_IDALTERNATIVA) 
VALUES ('96', '1', '1', '23', '12345678-9', '15', '104');
INSERT INTO TBL_REGISTROS (CMP_IDREGISTRO, TBL_PROGRAMA_CMP_IDPROGRAM, TBL_TEST_CMP_IDTEST, TBL_CURSO_CMP_IDCURSO, TBL_ALUMN_CMP_RUT, TBL_PREG_CMP_IDPREGUNTA, TBL_ALTERNAT_CMP_IDALTERNATIVA) 
VALUES ('97', '1', '1', '23', '12345678-9', '16', '101');
INSERT INTO TBL_REGISTROS (CMP_IDREGISTRO, TBL_PROGRAMA_CMP_IDPROGRAM, TBL_TEST_CMP_IDTEST, TBL_CURSO_CMP_IDCURSO, TBL_ALUMN_CMP_RUT, TBL_PREG_CMP_IDPREGUNTA, TBL_ALTERNAT_CMP_IDALTERNATIVA) 
VALUES ('98', '1', '1', '23', '12345678-9', '17', '102');
INSERT INTO TBL_REGISTROS (CMP_IDREGISTRO, TBL_PROGRAMA_CMP_IDPROGRAM, TBL_TEST_CMP_IDTEST, TBL_CURSO_CMP_IDCURSO, TBL_ALUMN_CMP_RUT, TBL_PREG_CMP_IDPREGUNTA, TBL_ALTERNAT_CMP_IDALTERNATIVA) 
VALUES ('99', '1', '1', '23', '12345678-9', '18', '103');
INSERT INTO TBL_REGISTROS (CMP_IDREGISTRO, TBL_PROGRAMA_CMP_IDPROGRAM, TBL_TEST_CMP_IDTEST, TBL_CURSO_CMP_IDCURSO, TBL_ALUMN_CMP_RUT, TBL_PREG_CMP_IDPREGUNTA, TBL_ALTERNAT_CMP_IDALTERNATIVA) 
VALUES ('100', '1', '1', '23', '12345678-9', '19', '104');


INSERT INTO TBL_REGISTROS (CMP_IDREGISTRO, TBL_PROGRAMA_CMP_IDPROGRAM, TBL_TEST_CMP_IDTEST, TBL_CURSO_CMP_IDCURSO, TBL_ALUMN_CMP_RUT, TBL_PREG_CMP_IDPREGUNTA, TBL_ALTERNAT_CMP_IDALTERNATIVA) 
VALUES ('101', '1', '1', '24', '87654321-0', '10', '101');
INSERT INTO TBL_REGISTROS (CMP_IDREGISTRO, TBL_PROGRAMA_CMP_IDPROGRAM, TBL_TEST_CMP_IDTEST, TBL_CURSO_CMP_IDCURSO, TBL_ALUMN_CMP_RUT, TBL_PREG_CMP_IDPREGUNTA, TBL_ALTERNAT_CMP_IDALTERNATIVA) 
VALUES ('102', '1', '1', '24', '87654321-0', '11', '102');
INSERT INTO TBL_REGISTROS (CMP_IDREGISTRO, TBL_PROGRAMA_CMP_IDPROGRAM, TBL_TEST_CMP_IDTEST, TBL_CURSO_CMP_IDCURSO, TBL_ALUMN_CMP_RUT, TBL_PREG_CMP_IDPREGUNTA, TBL_ALTERNAT_CMP_IDALTERNATIVA) 
VALUES ('103', '1', '1', '24', '87654321-0', '12', '103');
INSERT INTO TBL_REGISTROS (CMP_IDREGISTRO, TBL_PROGRAMA_CMP_IDPROGRAM, TBL_TEST_CMP_IDTEST, TBL_CURSO_CMP_IDCURSO, TBL_ALUMN_CMP_RUT, TBL_PREG_CMP_IDPREGUNTA, TBL_ALTERNAT_CMP_IDALTERNATIVA) 
VALUES ('104', '1', '1', '24', '87654321-0', '13', '104');
INSERT INTO TBL_REGISTROS (CMP_IDREGISTRO, TBL_PROGRAMA_CMP_IDPROGRAM, TBL_TEST_CMP_IDTEST, TBL_CURSO_CMP_IDCURSO, TBL_ALUMN_CMP_RUT, TBL_PREG_CMP_IDPREGUNTA, TBL_ALTERNAT_CMP_IDALTERNATIVA) 
VALUES ('105', '1', '1', '24', '87654321-0', '14', '101');
INSERT INTO TBL_REGISTROS (CMP_IDREGISTRO, TBL_PROGRAMA_CMP_IDPROGRAM, TBL_TEST_CMP_IDTEST, TBL_CURSO_CMP_IDCURSO, TBL_ALUMN_CMP_RUT, TBL_PREG_CMP_IDPREGUNTA, TBL_ALTERNAT_CMP_IDALTERNATIVA) 
VALUES ('106', '1', '1', '24', '87654321-0', '15', '102');
INSERT INTO TBL_REGISTROS (CMP_IDREGISTRO, TBL_PROGRAMA_CMP_IDPROGRAM, TBL_TEST_CMP_IDTEST, TBL_CURSO_CMP_IDCURSO, TBL_ALUMN_CMP_RUT, TBL_PREG_CMP_IDPREGUNTA, TBL_ALTERNAT_CMP_IDALTERNATIVA) 
VALUES ('107', '1', '1', '24', '87654321-0', '16', '103');
INSERT INTO TBL_REGISTROS (CMP_IDREGISTRO, TBL_PROGRAMA_CMP_IDPROGRAM, TBL_TEST_CMP_IDTEST, TBL_CURSO_CMP_IDCURSO, TBL_ALUMN_CMP_RUT, TBL_PREG_CMP_IDPREGUNTA, TBL_ALTERNAT_CMP_IDALTERNATIVA) 
VALUES ('108', '1', '1', '24', '87654321-0', '17', '104');
INSERT INTO TBL_REGISTROS (CMP_IDREGISTRO, TBL_PROGRAMA_CMP_IDPROGRAM, TBL_TEST_CMP_IDTEST, TBL_CURSO_CMP_IDCURSO, TBL_ALUMN_CMP_RUT, TBL_PREG_CMP_IDPREGUNTA, TBL_ALTERNAT_CMP_IDALTERNATIVA) 
VALUES ('109', '1', '1', '24', '87654321-0', '18', '101');
INSERT INTO TBL_REGISTROS (CMP_IDREGISTRO, TBL_PROGRAMA_CMP_IDPROGRAM, TBL_TEST_CMP_IDTEST, TBL_CURSO_CMP_IDCURSO, TBL_ALUMN_CMP_RUT, TBL_PREG_CMP_IDPREGUNTA, TBL_ALTERNAT_CMP_IDALTERNATIVA) 
VALUES ('110', '1', '1', '24', '87654321-0', '19', '102');

INSERT INTO TBL_REGISTROS (CMP_IDREGISTRO, TBL_PROGRAMA_CMP_IDPROGRAM, TBL_TEST_CMP_IDTEST, TBL_CURSO_CMP_IDCURSO, TBL_ALUMN_CMP_RUT, TBL_PREG_CMP_IDPREGUNTA, TBL_ALTERNAT_CMP_IDALTERNATIVA) 
VALUES ('111', '1', '1', '24', '87654321-1', '10', '102');
INSERT INTO TBL_REGISTROS (CMP_IDREGISTRO, TBL_PROGRAMA_CMP_IDPROGRAM, TBL_TEST_CMP_IDTEST, TBL_CURSO_CMP_IDCURSO, TBL_ALUMN_CMP_RUT, TBL_PREG_CMP_IDPREGUNTA, TBL_ALTERNAT_CMP_IDALTERNATIVA) 
VALUES ('112', '1', '1', '24', '87654321-1', '11', '103');
INSERT INTO TBL_REGISTROS (CMP_IDREGISTRO, TBL_PROGRAMA_CMP_IDPROGRAM, TBL_TEST_CMP_IDTEST, TBL_CURSO_CMP_IDCURSO, TBL_ALUMN_CMP_RUT, TBL_PREG_CMP_IDPREGUNTA, TBL_ALTERNAT_CMP_IDALTERNATIVA) 
VALUES ('113', '1', '1', '24', '87654321-1', '12', '104');
INSERT INTO TBL_REGISTROS (CMP_IDREGISTRO, TBL_PROGRAMA_CMP_IDPROGRAM, TBL_TEST_CMP_IDTEST, TBL_CURSO_CMP_IDCURSO, TBL_ALUMN_CMP_RUT, TBL_PREG_CMP_IDPREGUNTA, TBL_ALTERNAT_CMP_IDALTERNATIVA) 
VALUES ('114', '1', '1', '24', '87654321-1', '13', '101');
INSERT INTO TBL_REGISTROS (CMP_IDREGISTRO, TBL_PROGRAMA_CMP_IDPROGRAM, TBL_TEST_CMP_IDTEST, TBL_CURSO_CMP_IDCURSO, TBL_ALUMN_CMP_RUT, TBL_PREG_CMP_IDPREGUNTA, TBL_ALTERNAT_CMP_IDALTERNATIVA) 
VALUES ('115', '1', '1', '24', '87654321-1', '14', '102');
INSERT INTO TBL_REGISTROS (CMP_IDREGISTRO, TBL_PROGRAMA_CMP_IDPROGRAM, TBL_TEST_CMP_IDTEST, TBL_CURSO_CMP_IDCURSO, TBL_ALUMN_CMP_RUT, TBL_PREG_CMP_IDPREGUNTA, TBL_ALTERNAT_CMP_IDALTERNATIVA) 
VALUES ('116', '1', '1', '24', '87654321-1', '15', '103');
INSERT INTO TBL_REGISTROS (CMP_IDREGISTRO, TBL_PROGRAMA_CMP_IDPROGRAM, TBL_TEST_CMP_IDTEST, TBL_CURSO_CMP_IDCURSO, TBL_ALUMN_CMP_RUT, TBL_PREG_CMP_IDPREGUNTA, TBL_ALTERNAT_CMP_IDALTERNATIVA) 
VALUES ('117', '1', '1', '24', '87654321-1', '16', '104');
INSERT INTO TBL_REGISTROS (CMP_IDREGISTRO, TBL_PROGRAMA_CMP_IDPROGRAM, TBL_TEST_CMP_IDTEST, TBL_CURSO_CMP_IDCURSO, TBL_ALUMN_CMP_RUT, TBL_PREG_CMP_IDPREGUNTA, TBL_ALTERNAT_CMP_IDALTERNATIVA) 
VALUES ('118', '1', '1', '24', '87654321-1', '17', '101');
INSERT INTO TBL_REGISTROS (CMP_IDREGISTRO, TBL_PROGRAMA_CMP_IDPROGRAM, TBL_TEST_CMP_IDTEST, TBL_CURSO_CMP_IDCURSO, TBL_ALUMN_CMP_RUT, TBL_PREG_CMP_IDPREGUNTA, TBL_ALTERNAT_CMP_IDALTERNATIVA) 
VALUES ('119', '1', '1', '24', '87654321-1', '18', '102');
INSERT INTO TBL_REGISTROS (CMP_IDREGISTRO, TBL_PROGRAMA_CMP_IDPROGRAM, TBL_TEST_CMP_IDTEST, TBL_CURSO_CMP_IDCURSO, TBL_ALUMN_CMP_RUT, TBL_PREG_CMP_IDPREGUNTA, TBL_ALTERNAT_CMP_IDALTERNATIVA) 
VALUES ('120', '1', '1', '24', '87654321-1', '19', '103');

INSERT INTO TBL_REGISTROS (CMP_IDREGISTRO, TBL_PROGRAMA_CMP_IDPROGRAM, TBL_TEST_CMP_IDTEST, TBL_CURSO_CMP_IDCURSO, TBL_ALUMN_CMP_RUT, TBL_PREG_CMP_IDPREGUNTA, TBL_ALTERNAT_CMP_IDALTERNATIVA) 
VALUES ('121', '1', '1', '24', '87654321-2', '10', '103');
INSERT INTO TBL_REGISTROS (CMP_IDREGISTRO, TBL_PROGRAMA_CMP_IDPROGRAM, TBL_TEST_CMP_IDTEST, TBL_CURSO_CMP_IDCURSO, TBL_ALUMN_CMP_RUT, TBL_PREG_CMP_IDPREGUNTA, TBL_ALTERNAT_CMP_IDALTERNATIVA) 
VALUES ('122', '1', '1', '24', '87654321-2', '11', '104');
INSERT INTO TBL_REGISTROS (CMP_IDREGISTRO, TBL_PROGRAMA_CMP_IDPROGRAM, TBL_TEST_CMP_IDTEST, TBL_CURSO_CMP_IDCURSO, TBL_ALUMN_CMP_RUT, TBL_PREG_CMP_IDPREGUNTA, TBL_ALTERNAT_CMP_IDALTERNATIVA) 
VALUES ('123', '1', '1', '24', '87654321-2', '12', '101');
INSERT INTO TBL_REGISTROS (CMP_IDREGISTRO, TBL_PROGRAMA_CMP_IDPROGRAM, TBL_TEST_CMP_IDTEST, TBL_CURSO_CMP_IDCURSO, TBL_ALUMN_CMP_RUT, TBL_PREG_CMP_IDPREGUNTA, TBL_ALTERNAT_CMP_IDALTERNATIVA) 
VALUES ('124', '1', '1', '24', '87654321-2', '13', '102');
INSERT INTO TBL_REGISTROS (CMP_IDREGISTRO, TBL_PROGRAMA_CMP_IDPROGRAM, TBL_TEST_CMP_IDTEST, TBL_CURSO_CMP_IDCURSO, TBL_ALUMN_CMP_RUT, TBL_PREG_CMP_IDPREGUNTA, TBL_ALTERNAT_CMP_IDALTERNATIVA) 
VALUES ('125', '1', '1', '24', '87654321-2', '14', '103');
INSERT INTO TBL_REGISTROS (CMP_IDREGISTRO, TBL_PROGRAMA_CMP_IDPROGRAM, TBL_TEST_CMP_IDTEST, TBL_CURSO_CMP_IDCURSO, TBL_ALUMN_CMP_RUT, TBL_PREG_CMP_IDPREGUNTA, TBL_ALTERNAT_CMP_IDALTERNATIVA) 
VALUES ('126', '1', '1', '24', '87654321-2', '15', '104');
INSERT INTO TBL_REGISTROS (CMP_IDREGISTRO, TBL_PROGRAMA_CMP_IDPROGRAM, TBL_TEST_CMP_IDTEST, TBL_CURSO_CMP_IDCURSO, TBL_ALUMN_CMP_RUT, TBL_PREG_CMP_IDPREGUNTA, TBL_ALTERNAT_CMP_IDALTERNATIVA) 
VALUES ('127', '1', '1', '24', '87654321-2', '16', '101');
INSERT INTO TBL_REGISTROS (CMP_IDREGISTRO, TBL_PROGRAMA_CMP_IDPROGRAM, TBL_TEST_CMP_IDTEST, TBL_CURSO_CMP_IDCURSO, TBL_ALUMN_CMP_RUT, TBL_PREG_CMP_IDPREGUNTA, TBL_ALTERNAT_CMP_IDALTERNATIVA) 
VALUES ('128', '1', '1', '24', '87654321-2', '17', '102');
INSERT INTO TBL_REGISTROS (CMP_IDREGISTRO, TBL_PROGRAMA_CMP_IDPROGRAM, TBL_TEST_CMP_IDTEST, TBL_CURSO_CMP_IDCURSO, TBL_ALUMN_CMP_RUT, TBL_PREG_CMP_IDPREGUNTA, TBL_ALTERNAT_CMP_IDALTERNATIVA) 
VALUES ('129', '1', '1', '24', '87654321-2', '18', '103');
INSERT INTO TBL_REGISTROS (CMP_IDREGISTRO, TBL_PROGRAMA_CMP_IDPROGRAM, TBL_TEST_CMP_IDTEST, TBL_CURSO_CMP_IDCURSO, TBL_ALUMN_CMP_RUT, TBL_PREG_CMP_IDPREGUNTA, TBL_ALTERNAT_CMP_IDALTERNATIVA) 
VALUES ('130', '1', '1', '24', '87654321-2', '19', '104');

INSERT INTO TBL_REGISTROS (CMP_IDREGISTRO, TBL_PROGRAMA_CMP_IDPROGRAM, TBL_TEST_CMP_IDTEST, TBL_CURSO_CMP_IDCURSO, TBL_ALUMN_CMP_RUT, TBL_PREG_CMP_IDPREGUNTA, TBL_ALTERNAT_CMP_IDALTERNATIVA) 
VALUES ('131', '1', '1', '24', '87654321-3', '10', '104');
INSERT INTO TBL_REGISTROS (CMP_IDREGISTRO, TBL_PROGRAMA_CMP_IDPROGRAM, TBL_TEST_CMP_IDTEST, TBL_CURSO_CMP_IDCURSO, TBL_ALUMN_CMP_RUT, TBL_PREG_CMP_IDPREGUNTA, TBL_ALTERNAT_CMP_IDALTERNATIVA) 
VALUES ('132', '1', '1', '24', '87654321-3', '11', '101');
INSERT INTO TBL_REGISTROS (CMP_IDREGISTRO, TBL_PROGRAMA_CMP_IDPROGRAM, TBL_TEST_CMP_IDTEST, TBL_CURSO_CMP_IDCURSO, TBL_ALUMN_CMP_RUT, TBL_PREG_CMP_IDPREGUNTA, TBL_ALTERNAT_CMP_IDALTERNATIVA) 
VALUES ('133', '1', '1', '24', '87654321-3', '12', '102');
INSERT INTO TBL_REGISTROS (CMP_IDREGISTRO, TBL_PROGRAMA_CMP_IDPROGRAM, TBL_TEST_CMP_IDTEST, TBL_CURSO_CMP_IDCURSO, TBL_ALUMN_CMP_RUT, TBL_PREG_CMP_IDPREGUNTA, TBL_ALTERNAT_CMP_IDALTERNATIVA) 
VALUES ('134', '1', '1', '24', '87654321-3', '13', '103');
INSERT INTO TBL_REGISTROS (CMP_IDREGISTRO, TBL_PROGRAMA_CMP_IDPROGRAM, TBL_TEST_CMP_IDTEST, TBL_CURSO_CMP_IDCURSO, TBL_ALUMN_CMP_RUT, TBL_PREG_CMP_IDPREGUNTA, TBL_ALTERNAT_CMP_IDALTERNATIVA) 
VALUES ('135', '1', '1', '24', '87654321-3', '14', '104');
INSERT INTO TBL_REGISTROS (CMP_IDREGISTRO, TBL_PROGRAMA_CMP_IDPROGRAM, TBL_TEST_CMP_IDTEST, TBL_CURSO_CMP_IDCURSO, TBL_ALUMN_CMP_RUT, TBL_PREG_CMP_IDPREGUNTA, TBL_ALTERNAT_CMP_IDALTERNATIVA) 
VALUES ('136', '1', '1', '24', '87654321-3', '15', '101');
INSERT INTO TBL_REGISTROS (CMP_IDREGISTRO, TBL_PROGRAMA_CMP_IDPROGRAM, TBL_TEST_CMP_IDTEST, TBL_CURSO_CMP_IDCURSO, TBL_ALUMN_CMP_RUT, TBL_PREG_CMP_IDPREGUNTA, TBL_ALTERNAT_CMP_IDALTERNATIVA) 
VALUES ('137', '1', '1', '24', '87654321-3', '16', '102');
INSERT INTO TBL_REGISTROS (CMP_IDREGISTRO, TBL_PROGRAMA_CMP_IDPROGRAM, TBL_TEST_CMP_IDTEST, TBL_CURSO_CMP_IDCURSO, TBL_ALUMN_CMP_RUT, TBL_PREG_CMP_IDPREGUNTA, TBL_ALTERNAT_CMP_IDALTERNATIVA) 
VALUES ('138', '1', '1', '24', '87654321-3', '17', '103');
INSERT INTO TBL_REGISTROS (CMP_IDREGISTRO, TBL_PROGRAMA_CMP_IDPROGRAM, TBL_TEST_CMP_IDTEST, TBL_CURSO_CMP_IDCURSO, TBL_ALUMN_CMP_RUT, TBL_PREG_CMP_IDPREGUNTA, TBL_ALTERNAT_CMP_IDALTERNATIVA) 
VALUES ('139', '1', '1', '24', '87654321-3', '18', '104');
INSERT INTO TBL_REGISTROS (CMP_IDREGISTRO, TBL_PROGRAMA_CMP_IDPROGRAM, TBL_TEST_CMP_IDTEST, TBL_CURSO_CMP_IDCURSO, TBL_ALUMN_CMP_RUT, TBL_PREG_CMP_IDPREGUNTA, TBL_ALTERNAT_CMP_IDALTERNATIVA) 
VALUES ('140', '1', '1', '24', '87654321-3', '19', '101');

INSERT INTO TBL_REGISTROS (CMP_IDREGISTRO, TBL_PROGRAMA_CMP_IDPROGRAM, TBL_TEST_CMP_IDTEST, TBL_CURSO_CMP_IDCURSO, TBL_ALUMN_CMP_RUT, TBL_PREG_CMP_IDPREGUNTA, TBL_ALTERNAT_CMP_IDALTERNATIVA) 
VALUES ('141', '1', '1', '24', '87654321-4', '10', '101');
INSERT INTO TBL_REGISTROS (CMP_IDREGISTRO, TBL_PROGRAMA_CMP_IDPROGRAM, TBL_TEST_CMP_IDTEST, TBL_CURSO_CMP_IDCURSO, TBL_ALUMN_CMP_RUT, TBL_PREG_CMP_IDPREGUNTA, TBL_ALTERNAT_CMP_IDALTERNATIVA) 
VALUES ('142', '1', '1', '24', '87654321-4', '11', '102');
INSERT INTO TBL_REGISTROS (CMP_IDREGISTRO, TBL_PROGRAMA_CMP_IDPROGRAM, TBL_TEST_CMP_IDTEST, TBL_CURSO_CMP_IDCURSO, TBL_ALUMN_CMP_RUT, TBL_PREG_CMP_IDPREGUNTA, TBL_ALTERNAT_CMP_IDALTERNATIVA) 
VALUES ('143', '1', '1', '24', '87654321-4', '12', '103');
INSERT INTO TBL_REGISTROS (CMP_IDREGISTRO, TBL_PROGRAMA_CMP_IDPROGRAM, TBL_TEST_CMP_IDTEST, TBL_CURSO_CMP_IDCURSO, TBL_ALUMN_CMP_RUT, TBL_PREG_CMP_IDPREGUNTA, TBL_ALTERNAT_CMP_IDALTERNATIVA) 
VALUES ('144', '1', '1', '24', '87654321-4', '13', '104');
INSERT INTO TBL_REGISTROS (CMP_IDREGISTRO, TBL_PROGRAMA_CMP_IDPROGRAM, TBL_TEST_CMP_IDTEST, TBL_CURSO_CMP_IDCURSO, TBL_ALUMN_CMP_RUT, TBL_PREG_CMP_IDPREGUNTA, TBL_ALTERNAT_CMP_IDALTERNATIVA) 
VALUES ('145', '1', '1', '24', '87654321-4', '14', '101');
INSERT INTO TBL_REGISTROS (CMP_IDREGISTRO, TBL_PROGRAMA_CMP_IDPROGRAM, TBL_TEST_CMP_IDTEST, TBL_CURSO_CMP_IDCURSO, TBL_ALUMN_CMP_RUT, TBL_PREG_CMP_IDPREGUNTA, TBL_ALTERNAT_CMP_IDALTERNATIVA) 
VALUES ('146', '1', '1', '24', '87654321-4', '15', '102');
INSERT INTO TBL_REGISTROS (CMP_IDREGISTRO, TBL_PROGRAMA_CMP_IDPROGRAM, TBL_TEST_CMP_IDTEST, TBL_CURSO_CMP_IDCURSO, TBL_ALUMN_CMP_RUT, TBL_PREG_CMP_IDPREGUNTA, TBL_ALTERNAT_CMP_IDALTERNATIVA) 
VALUES ('147', '1', '1', '24', '87654321-4', '16', '103');
INSERT INTO TBL_REGISTROS (CMP_IDREGISTRO, TBL_PROGRAMA_CMP_IDPROGRAM, TBL_TEST_CMP_IDTEST, TBL_CURSO_CMP_IDCURSO, TBL_ALUMN_CMP_RUT, TBL_PREG_CMP_IDPREGUNTA, TBL_ALTERNAT_CMP_IDALTERNATIVA) 
VALUES ('148', '1', '1', '24', '87654321-4', '17', '104');
INSERT INTO TBL_REGISTROS (CMP_IDREGISTRO, TBL_PROGRAMA_CMP_IDPROGRAM, TBL_TEST_CMP_IDTEST, TBL_CURSO_CMP_IDCURSO, TBL_ALUMN_CMP_RUT, TBL_PREG_CMP_IDPREGUNTA, TBL_ALTERNAT_CMP_IDALTERNATIVA) 
VALUES ('149', '1', '1', '24', '87654321-4', '18', '101');
INSERT INTO TBL_REGISTROS (CMP_IDREGISTRO, TBL_PROGRAMA_CMP_IDPROGRAM, TBL_TEST_CMP_IDTEST, TBL_CURSO_CMP_IDCURSO, TBL_ALUMN_CMP_RUT, TBL_PREG_CMP_IDPREGUNTA, TBL_ALTERNAT_CMP_IDALTERNATIVA) 
VALUES ('150', '1', '1', '24', '87654321-4', '19', '102');

INSERT INTO TBL_REGISTROS (CMP_IDREGISTRO, TBL_PROGRAMA_CMP_IDPROGRAM, TBL_TEST_CMP_IDTEST, TBL_CURSO_CMP_IDCURSO, TBL_ALUMN_CMP_RUT, TBL_PREG_CMP_IDPREGUNTA, TBL_ALTERNAT_CMP_IDALTERNATIVA) 
VALUES ('151', '1', '1', '24', '87654321-5', '10', '102');
INSERT INTO TBL_REGISTROS (CMP_IDREGISTRO, TBL_PROGRAMA_CMP_IDPROGRAM, TBL_TEST_CMP_IDTEST, TBL_CURSO_CMP_IDCURSO, TBL_ALUMN_CMP_RUT, TBL_PREG_CMP_IDPREGUNTA, TBL_ALTERNAT_CMP_IDALTERNATIVA) 
VALUES ('152', '1', '1', '24', '87654321-5', '11', '103');
INSERT INTO TBL_REGISTROS (CMP_IDREGISTRO, TBL_PROGRAMA_CMP_IDPROGRAM, TBL_TEST_CMP_IDTEST, TBL_CURSO_CMP_IDCURSO, TBL_ALUMN_CMP_RUT, TBL_PREG_CMP_IDPREGUNTA, TBL_ALTERNAT_CMP_IDALTERNATIVA) 
VALUES ('153', '1', '1', '24', '87654321-5', '12', '104');
INSERT INTO TBL_REGISTROS (CMP_IDREGISTRO, TBL_PROGRAMA_CMP_IDPROGRAM, TBL_TEST_CMP_IDTEST, TBL_CURSO_CMP_IDCURSO, TBL_ALUMN_CMP_RUT, TBL_PREG_CMP_IDPREGUNTA, TBL_ALTERNAT_CMP_IDALTERNATIVA) 
VALUES ('154', '1', '1', '24', '87654321-5', '13', '101');
INSERT INTO TBL_REGISTROS (CMP_IDREGISTRO, TBL_PROGRAMA_CMP_IDPROGRAM, TBL_TEST_CMP_IDTEST, TBL_CURSO_CMP_IDCURSO, TBL_ALUMN_CMP_RUT, TBL_PREG_CMP_IDPREGUNTA, TBL_ALTERNAT_CMP_IDALTERNATIVA) 
VALUES ('155', '1', '1', '24', '87654321-5', '14', '102');
INSERT INTO TBL_REGISTROS (CMP_IDREGISTRO, TBL_PROGRAMA_CMP_IDPROGRAM, TBL_TEST_CMP_IDTEST, TBL_CURSO_CMP_IDCURSO, TBL_ALUMN_CMP_RUT, TBL_PREG_CMP_IDPREGUNTA, TBL_ALTERNAT_CMP_IDALTERNATIVA) 
VALUES ('156', '1', '1', '24', '87654321-5', '15', '103');
INSERT INTO TBL_REGISTROS (CMP_IDREGISTRO, TBL_PROGRAMA_CMP_IDPROGRAM, TBL_TEST_CMP_IDTEST, TBL_CURSO_CMP_IDCURSO, TBL_ALUMN_CMP_RUT, TBL_PREG_CMP_IDPREGUNTA, TBL_ALTERNAT_CMP_IDALTERNATIVA) 
VALUES ('157', '1', '1', '24', '87654321-5', '16', '104');
INSERT INTO TBL_REGISTROS (CMP_IDREGISTRO, TBL_PROGRAMA_CMP_IDPROGRAM, TBL_TEST_CMP_IDTEST, TBL_CURSO_CMP_IDCURSO, TBL_ALUMN_CMP_RUT, TBL_PREG_CMP_IDPREGUNTA, TBL_ALTERNAT_CMP_IDALTERNATIVA) 
VALUES ('158', '1', '1', '24', '87654321-5', '17', '101');
INSERT INTO TBL_REGISTROS (CMP_IDREGISTRO, TBL_PROGRAMA_CMP_IDPROGRAM, TBL_TEST_CMP_IDTEST, TBL_CURSO_CMP_IDCURSO, TBL_ALUMN_CMP_RUT, TBL_PREG_CMP_IDPREGUNTA, TBL_ALTERNAT_CMP_IDALTERNATIVA) 
VALUES ('159', '1', '1', '24', '87654321-5', '18', '102');
INSERT INTO TBL_REGISTROS (CMP_IDREGISTRO, TBL_PROGRAMA_CMP_IDPROGRAM, TBL_TEST_CMP_IDTEST, TBL_CURSO_CMP_IDCURSO, TBL_ALUMN_CMP_RUT, TBL_PREG_CMP_IDPREGUNTA, TBL_ALTERNAT_CMP_IDALTERNATIVA) 
VALUES ('160', '1', '1', '24', '87654321-5', '19', '103');

INSERT INTO TBL_REGISTROS (CMP_IDREGISTRO, TBL_PROGRAMA_CMP_IDPROGRAM, TBL_TEST_CMP_IDTEST, TBL_CURSO_CMP_IDCURSO, TBL_ALUMN_CMP_RUT, TBL_PREG_CMP_IDPREGUNTA, TBL_ALTERNAT_CMP_IDALTERNATIVA) 
VALUES ('161', '1', '1', '24', '87654321-6', '10', '103');
INSERT INTO TBL_REGISTROS (CMP_IDREGISTRO, TBL_PROGRAMA_CMP_IDPROGRAM, TBL_TEST_CMP_IDTEST, TBL_CURSO_CMP_IDCURSO, TBL_ALUMN_CMP_RUT, TBL_PREG_CMP_IDPREGUNTA, TBL_ALTERNAT_CMP_IDALTERNATIVA) 
VALUES ('162', '1', '1', '24', '87654321-6', '11', '104');
INSERT INTO TBL_REGISTROS (CMP_IDREGISTRO, TBL_PROGRAMA_CMP_IDPROGRAM, TBL_TEST_CMP_IDTEST, TBL_CURSO_CMP_IDCURSO, TBL_ALUMN_CMP_RUT, TBL_PREG_CMP_IDPREGUNTA, TBL_ALTERNAT_CMP_IDALTERNATIVA) 
VALUES ('163', '1', '1', '24', '87654321-6', '12', '101');
INSERT INTO TBL_REGISTROS (CMP_IDREGISTRO, TBL_PROGRAMA_CMP_IDPROGRAM, TBL_TEST_CMP_IDTEST, TBL_CURSO_CMP_IDCURSO, TBL_ALUMN_CMP_RUT, TBL_PREG_CMP_IDPREGUNTA, TBL_ALTERNAT_CMP_IDALTERNATIVA) 
VALUES ('164', '1', '1', '24', '87654321-6', '13', '102');
INSERT INTO TBL_REGISTROS (CMP_IDREGISTRO, TBL_PROGRAMA_CMP_IDPROGRAM, TBL_TEST_CMP_IDTEST, TBL_CURSO_CMP_IDCURSO, TBL_ALUMN_CMP_RUT, TBL_PREG_CMP_IDPREGUNTA, TBL_ALTERNAT_CMP_IDALTERNATIVA) 
VALUES ('165', '1', '1', '24', '87654321-6', '14', '103');
INSERT INTO TBL_REGISTROS (CMP_IDREGISTRO, TBL_PROGRAMA_CMP_IDPROGRAM, TBL_TEST_CMP_IDTEST, TBL_CURSO_CMP_IDCURSO, TBL_ALUMN_CMP_RUT, TBL_PREG_CMP_IDPREGUNTA, TBL_ALTERNAT_CMP_IDALTERNATIVA) 
VALUES ('166', '1', '1', '24', '87654321-6', '15', '104');
INSERT INTO TBL_REGISTROS (CMP_IDREGISTRO, TBL_PROGRAMA_CMP_IDPROGRAM, TBL_TEST_CMP_IDTEST, TBL_CURSO_CMP_IDCURSO, TBL_ALUMN_CMP_RUT, TBL_PREG_CMP_IDPREGUNTA, TBL_ALTERNAT_CMP_IDALTERNATIVA) 
VALUES ('167', '1', '1', '24', '87654321-6', '16', '101');
INSERT INTO TBL_REGISTROS (CMP_IDREGISTRO, TBL_PROGRAMA_CMP_IDPROGRAM, TBL_TEST_CMP_IDTEST, TBL_CURSO_CMP_IDCURSO, TBL_ALUMN_CMP_RUT, TBL_PREG_CMP_IDPREGUNTA, TBL_ALTERNAT_CMP_IDALTERNATIVA) 
VALUES ('168', '1', '1', '24', '87654321-6', '17', '102');
INSERT INTO TBL_REGISTROS (CMP_IDREGISTRO, TBL_PROGRAMA_CMP_IDPROGRAM, TBL_TEST_CMP_IDTEST, TBL_CURSO_CMP_IDCURSO, TBL_ALUMN_CMP_RUT, TBL_PREG_CMP_IDPREGUNTA, TBL_ALTERNAT_CMP_IDALTERNATIVA) 
VALUES ('169', '1', '1', '24', '87654321-6', '18', '103');
INSERT INTO TBL_REGISTROS (CMP_IDREGISTRO, TBL_PROGRAMA_CMP_IDPROGRAM, TBL_TEST_CMP_IDTEST, TBL_CURSO_CMP_IDCURSO, TBL_ALUMN_CMP_RUT, TBL_PREG_CMP_IDPREGUNTA, TBL_ALTERNAT_CMP_IDALTERNATIVA) 
VALUES ('170', '1', '1', '24', '87654321-6', '19', '104');

INSERT INTO TBL_REGISTROS (CMP_IDREGISTRO, TBL_PROGRAMA_CMP_IDPROGRAM, TBL_TEST_CMP_IDTEST, TBL_CURSO_CMP_IDCURSO, TBL_ALUMN_CMP_RUT, TBL_PREG_CMP_IDPREGUNTA, TBL_ALTERNAT_CMP_IDALTERNATIVA) 
VALUES ('171', '1', '1', '24', '87654321-7', '10', '104');
INSERT INTO TBL_REGISTROS (CMP_IDREGISTRO, TBL_PROGRAMA_CMP_IDPROGRAM, TBL_TEST_CMP_IDTEST, TBL_CURSO_CMP_IDCURSO, TBL_ALUMN_CMP_RUT, TBL_PREG_CMP_IDPREGUNTA, TBL_ALTERNAT_CMP_IDALTERNATIVA) 
VALUES ('172', '1', '1', '24', '87654321-7', '11', '101');
INSERT INTO TBL_REGISTROS (CMP_IDREGISTRO, TBL_PROGRAMA_CMP_IDPROGRAM, TBL_TEST_CMP_IDTEST, TBL_CURSO_CMP_IDCURSO, TBL_ALUMN_CMP_RUT, TBL_PREG_CMP_IDPREGUNTA, TBL_ALTERNAT_CMP_IDALTERNATIVA) 
VALUES ('173', '1', '1', '24', '87654321-7', '12', '102');
INSERT INTO TBL_REGISTROS (CMP_IDREGISTRO, TBL_PROGRAMA_CMP_IDPROGRAM, TBL_TEST_CMP_IDTEST, TBL_CURSO_CMP_IDCURSO, TBL_ALUMN_CMP_RUT, TBL_PREG_CMP_IDPREGUNTA, TBL_ALTERNAT_CMP_IDALTERNATIVA) 
VALUES ('174', '1', '1', '24', '87654321-7', '13', '103');
INSERT INTO TBL_REGISTROS (CMP_IDREGISTRO, TBL_PROGRAMA_CMP_IDPROGRAM, TBL_TEST_CMP_IDTEST, TBL_CURSO_CMP_IDCURSO, TBL_ALUMN_CMP_RUT, TBL_PREG_CMP_IDPREGUNTA, TBL_ALTERNAT_CMP_IDALTERNATIVA) 
VALUES ('175', '1', '1', '24', '87654321-7', '14', '104');
INSERT INTO TBL_REGISTROS (CMP_IDREGISTRO, TBL_PROGRAMA_CMP_IDPROGRAM, TBL_TEST_CMP_IDTEST, TBL_CURSO_CMP_IDCURSO, TBL_ALUMN_CMP_RUT, TBL_PREG_CMP_IDPREGUNTA, TBL_ALTERNAT_CMP_IDALTERNATIVA) 
VALUES ('176', '1', '1', '24', '87654321-7', '15', '101');
INSERT INTO TBL_REGISTROS (CMP_IDREGISTRO, TBL_PROGRAMA_CMP_IDPROGRAM, TBL_TEST_CMP_IDTEST, TBL_CURSO_CMP_IDCURSO, TBL_ALUMN_CMP_RUT, TBL_PREG_CMP_IDPREGUNTA, TBL_ALTERNAT_CMP_IDALTERNATIVA) 
VALUES ('177', '1', '1', '24', '87654321-7', '16', '102');
INSERT INTO TBL_REGISTROS (CMP_IDREGISTRO, TBL_PROGRAMA_CMP_IDPROGRAM, TBL_TEST_CMP_IDTEST, TBL_CURSO_CMP_IDCURSO, TBL_ALUMN_CMP_RUT, TBL_PREG_CMP_IDPREGUNTA, TBL_ALTERNAT_CMP_IDALTERNATIVA) 
VALUES ('178', '1', '1', '24', '87654321-7', '17', '103');
INSERT INTO TBL_REGISTROS (CMP_IDREGISTRO, TBL_PROGRAMA_CMP_IDPROGRAM, TBL_TEST_CMP_IDTEST, TBL_CURSO_CMP_IDCURSO, TBL_ALUMN_CMP_RUT, TBL_PREG_CMP_IDPREGUNTA, TBL_ALTERNAT_CMP_IDALTERNATIVA) 
VALUES ('179', '1', '1', '24', '87654321-7', '18', '104');
INSERT INTO TBL_REGISTROS (CMP_IDREGISTRO, TBL_PROGRAMA_CMP_IDPROGRAM, TBL_TEST_CMP_IDTEST, TBL_CURSO_CMP_IDCURSO, TBL_ALUMN_CMP_RUT, TBL_PREG_CMP_IDPREGUNTA, TBL_ALTERNAT_CMP_IDALTERNATIVA) 
VALUES ('180', '1', '1', '24', '87654321-7', '19', '101');

INSERT INTO TBL_REGISTROS (CMP_IDREGISTRO, TBL_PROGRAMA_CMP_IDPROGRAM, TBL_TEST_CMP_IDTEST, TBL_CURSO_CMP_IDCURSO, TBL_ALUMN_CMP_RUT, TBL_PREG_CMP_IDPREGUNTA, TBL_ALTERNAT_CMP_IDALTERNATIVA) 
VALUES ('181', '1', '1', '24', '87654321-8', '10', '101');
INSERT INTO TBL_REGISTROS (CMP_IDREGISTRO, TBL_PROGRAMA_CMP_IDPROGRAM, TBL_TEST_CMP_IDTEST, TBL_CURSO_CMP_IDCURSO, TBL_ALUMN_CMP_RUT, TBL_PREG_CMP_IDPREGUNTA, TBL_ALTERNAT_CMP_IDALTERNATIVA) 
VALUES ('182', '1', '1', '24', '87654321-8', '11', '102');
INSERT INTO TBL_REGISTROS (CMP_IDREGISTRO, TBL_PROGRAMA_CMP_IDPROGRAM, TBL_TEST_CMP_IDTEST, TBL_CURSO_CMP_IDCURSO, TBL_ALUMN_CMP_RUT, TBL_PREG_CMP_IDPREGUNTA, TBL_ALTERNAT_CMP_IDALTERNATIVA) 
VALUES ('183', '1', '1', '24', '87654321-8', '12', '103');
INSERT INTO TBL_REGISTROS (CMP_IDREGISTRO, TBL_PROGRAMA_CMP_IDPROGRAM, TBL_TEST_CMP_IDTEST, TBL_CURSO_CMP_IDCURSO, TBL_ALUMN_CMP_RUT, TBL_PREG_CMP_IDPREGUNTA, TBL_ALTERNAT_CMP_IDALTERNATIVA) 
VALUES ('184', '1', '1', '24', '87654321-8', '13', '104');
INSERT INTO TBL_REGISTROS (CMP_IDREGISTRO, TBL_PROGRAMA_CMP_IDPROGRAM, TBL_TEST_CMP_IDTEST, TBL_CURSO_CMP_IDCURSO, TBL_ALUMN_CMP_RUT, TBL_PREG_CMP_IDPREGUNTA, TBL_ALTERNAT_CMP_IDALTERNATIVA) 
VALUES ('185', '1', '1', '24', '87654321-8', '14', '101');
INSERT INTO TBL_REGISTROS (CMP_IDREGISTRO, TBL_PROGRAMA_CMP_IDPROGRAM, TBL_TEST_CMP_IDTEST, TBL_CURSO_CMP_IDCURSO, TBL_ALUMN_CMP_RUT, TBL_PREG_CMP_IDPREGUNTA, TBL_ALTERNAT_CMP_IDALTERNATIVA) 
VALUES ('186', '1', '1', '24', '87654321-8', '15', '102');
INSERT INTO TBL_REGISTROS (CMP_IDREGISTRO, TBL_PROGRAMA_CMP_IDPROGRAM, TBL_TEST_CMP_IDTEST, TBL_CURSO_CMP_IDCURSO, TBL_ALUMN_CMP_RUT, TBL_PREG_CMP_IDPREGUNTA, TBL_ALTERNAT_CMP_IDALTERNATIVA) 
VALUES ('187', '1', '1', '24', '87654321-8', '16', '103');
INSERT INTO TBL_REGISTROS (CMP_IDREGISTRO, TBL_PROGRAMA_CMP_IDPROGRAM, TBL_TEST_CMP_IDTEST, TBL_CURSO_CMP_IDCURSO, TBL_ALUMN_CMP_RUT, TBL_PREG_CMP_IDPREGUNTA, TBL_ALTERNAT_CMP_IDALTERNATIVA) 
VALUES ('188', '1', '1', '24', '87654321-8', '17', '104');
INSERT INTO TBL_REGISTROS (CMP_IDREGISTRO, TBL_PROGRAMA_CMP_IDPROGRAM, TBL_TEST_CMP_IDTEST, TBL_CURSO_CMP_IDCURSO, TBL_ALUMN_CMP_RUT, TBL_PREG_CMP_IDPREGUNTA, TBL_ALTERNAT_CMP_IDALTERNATIVA) 
VALUES ('189', '1', '1', '24', '87654321-8', '18', '101');
INSERT INTO TBL_REGISTROS (CMP_IDREGISTRO, TBL_PROGRAMA_CMP_IDPROGRAM, TBL_TEST_CMP_IDTEST, TBL_CURSO_CMP_IDCURSO, TBL_ALUMN_CMP_RUT, TBL_PREG_CMP_IDPREGUNTA, TBL_ALTERNAT_CMP_IDALTERNATIVA) 
VALUES ('190', '1', '1', '24', '87654321-8', '19', '102');

INSERT INTO TBL_REGISTROS (CMP_IDREGISTRO, TBL_PROGRAMA_CMP_IDPROGRAM, TBL_TEST_CMP_IDTEST, TBL_CURSO_CMP_IDCURSO, TBL_ALUMN_CMP_RUT, TBL_PREG_CMP_IDPREGUNTA, TBL_ALTERNAT_CMP_IDALTERNATIVA) 
VALUES ('191', '1', '1', '24', '87654321-9', '10', '102');
INSERT INTO TBL_REGISTROS (CMP_IDREGISTRO, TBL_PROGRAMA_CMP_IDPROGRAM, TBL_TEST_CMP_IDTEST, TBL_CURSO_CMP_IDCURSO, TBL_ALUMN_CMP_RUT, TBL_PREG_CMP_IDPREGUNTA, TBL_ALTERNAT_CMP_IDALTERNATIVA) 
VALUES ('192', '1', '1', '24', '87654321-9', '11', '103');
INSERT INTO TBL_REGISTROS (CMP_IDREGISTRO, TBL_PROGRAMA_CMP_IDPROGRAM, TBL_TEST_CMP_IDTEST, TBL_CURSO_CMP_IDCURSO, TBL_ALUMN_CMP_RUT, TBL_PREG_CMP_IDPREGUNTA, TBL_ALTERNAT_CMP_IDALTERNATIVA) 
VALUES ('193', '1', '1', '24', '87654321-9', '12', '104');
INSERT INTO TBL_REGISTROS (CMP_IDREGISTRO, TBL_PROGRAMA_CMP_IDPROGRAM, TBL_TEST_CMP_IDTEST, TBL_CURSO_CMP_IDCURSO, TBL_ALUMN_CMP_RUT, TBL_PREG_CMP_IDPREGUNTA, TBL_ALTERNAT_CMP_IDALTERNATIVA) 
VALUES ('194', '1', '1', '24', '87654321-9', '13', '101');
INSERT INTO TBL_REGISTROS (CMP_IDREGISTRO, TBL_PROGRAMA_CMP_IDPROGRAM, TBL_TEST_CMP_IDTEST, TBL_CURSO_CMP_IDCURSO, TBL_ALUMN_CMP_RUT, TBL_PREG_CMP_IDPREGUNTA, TBL_ALTERNAT_CMP_IDALTERNATIVA) 
VALUES ('195', '1', '1', '24', '87654321-9', '14', '102');
INSERT INTO TBL_REGISTROS (CMP_IDREGISTRO, TBL_PROGRAMA_CMP_IDPROGRAM, TBL_TEST_CMP_IDTEST, TBL_CURSO_CMP_IDCURSO, TBL_ALUMN_CMP_RUT, TBL_PREG_CMP_IDPREGUNTA, TBL_ALTERNAT_CMP_IDALTERNATIVA) 
VALUES ('196', '1', '1', '24', '87654321-9', '15', '103');
INSERT INTO TBL_REGISTROS (CMP_IDREGISTRO, TBL_PROGRAMA_CMP_IDPROGRAM, TBL_TEST_CMP_IDTEST, TBL_CURSO_CMP_IDCURSO, TBL_ALUMN_CMP_RUT, TBL_PREG_CMP_IDPREGUNTA, TBL_ALTERNAT_CMP_IDALTERNATIVA) 
VALUES ('197', '1', '1', '24', '87654321-9', '16', '104');
INSERT INTO TBL_REGISTROS (CMP_IDREGISTRO, TBL_PROGRAMA_CMP_IDPROGRAM, TBL_TEST_CMP_IDTEST, TBL_CURSO_CMP_IDCURSO, TBL_ALUMN_CMP_RUT, TBL_PREG_CMP_IDPREGUNTA, TBL_ALTERNAT_CMP_IDALTERNATIVA) 
VALUES ('198', '1', '1', '24', '87654321-9', '17', '101');
INSERT INTO TBL_REGISTROS (CMP_IDREGISTRO, TBL_PROGRAMA_CMP_IDPROGRAM, TBL_TEST_CMP_IDTEST, TBL_CURSO_CMP_IDCURSO, TBL_ALUMN_CMP_RUT, TBL_PREG_CMP_IDPREGUNTA, TBL_ALTERNAT_CMP_IDALTERNATIVA) 
VALUES ('199', '1', '1', '24', '87654321-9', '18', '102');
INSERT INTO TBL_REGISTROS (CMP_IDREGISTRO, TBL_PROGRAMA_CMP_IDPROGRAM, TBL_TEST_CMP_IDTEST, TBL_CURSO_CMP_IDCURSO, TBL_ALUMN_CMP_RUT, TBL_PREG_CMP_IDPREGUNTA, TBL_ALTERNAT_CMP_IDALTERNATIVA) 
VALUES ('200', '1', '1', '24', '87654321-9', '19', '103');

