
--Creacion del nombre de las evaluaciones.
INSERT INTO TBL_TEST (CMP_IDTEST, CMP_NOMBRE, CMP_DESCRIPCION, CMP_UNIDAD, CMP_AUTOR, CMP_FCREACION, TBL_PROGRAMA_CMP_IDPROGRAM) 
VALUES ('1', 'Prueba de conocimiento en JAVA', 'Prueba de conocimiento en JAVA', '2', 'Rodrigo Vargas', TO_DATE('2020-03-12 00:00:00', 'YYYY-MM-DD HH24:MI:SS'), '2')
INSERT INTO TBL_TEST (CMP_IDTEST, CMP_NOMBRE, CMP_DESCRIPCION, CMP_UNIDAD, CMP_AUTOR, CMP_FCREACION, TBL_PROGRAMA_CMP_IDPROGRAM) 
VALUES ('2', 'Prueba de conocimiento en Oracle', 'Prueba de conocimiento en Oracle', '1', 'Alonso Orozco', TO_DATE('2020-03-12 00:00:00', 'YYYY-MM-DD HH24:MI:SS'), '2')

--Creacion de las preguntas de las evaluacion 1.
INSERT INTO TBL_PREG (CMP_IDPREGUNTA, CMP_ENUNCIADO, CMP_PUNTAJE, TBL_TEST_CMP_IDTEST) 
VALUES ('10', '¿Cuál de las siguientes propiedades presenta el paradigma POO?', '10', '1');
INSERT INTO TBL_PREG (CMP_IDPREGUNTA, CMP_ENUNCIADO, CMP_PUNTAJE, TBL_TEST_CMP_IDTEST) 
VALUES ('11', '¿Que es una clase?', '10', '1');
INSERT INTO TBL_PREG (CMP_IDPREGUNTA, CMP_ENUNCIADO, CMP_PUNTAJE, TBL_TEST_CMP_IDTEST) 
VALUES ('12', '¿Cual es la funcion de un constructor?', '10', '1');
INSERT INTO TBL_PREG (CMP_IDPREGUNTA, CMP_ENUNCIADO, CMP_PUNTAJE, TBL_TEST_CMP_IDTEST) 
VALUES ('13', '¿Para que sirve el encapsulamiento?', '10', '1');
INSERT INTO TBL_PREG (CMP_IDPREGUNTA, CMP_ENUNCIADO, CMP_PUNTAJE, TBL_TEST_CMP_IDTEST) 
VALUES ('14', 'Los pilares de POO son:', '10', '1');
INSERT INTO TBL_PREG (CMP_IDPREGUNTA, CMP_ENUNCIADO, CMP_PUNTAJE, TBL_TEST_CMP_IDTEST) 
VALUES ('15', 'Es la capacidad de crear varios metodos con el mismo nombre', '10', '1');
INSERT INTO TBL_PREG (CMP_IDPREGUNTA, CMP_ENUNCIADO, CMP_PUNTAJE, TBL_TEST_CMP_IDTEST) 
VALUES ('16', '¿Cual es la funcion del ambito Private?', '10', '1');
INSERT INTO TBL_PREG (CMP_IDPREGUNTA, CMP_ENUNCIADO, CMP_PUNTAJE, TBL_TEST_CMP_IDTEST) 
VALUES ('17', '¿La caracteristica principal de un objeto es:?', '10', '1');
INSERT INTO TBL_PREG (CMP_IDPREGUNTA, CMP_ENUNCIADO, CMP_PUNTAJE, TBL_TEST_CMP_IDTEST) 
VALUES ('18', '¿Que es el poliformismo?', '10', '1');
INSERT INTO TBL_PREG (CMP_IDPREGUNTA, CMP_ENUNCIADO, CMP_PUNTAJE, TBL_TEST_CMP_IDTEST) 
VALUES ('19', 'Es una agrupacion de objetos con caracteristicas semejantes', '10', '1');

--Creacion de las preguntas de las evaluacion 2.
INSERT INTO TBL_PREG (CMP_IDPREGUNTA, CMP_ENUNCIADO, CMP_PUNTAJE, TBL_TEST_CMP_IDTEST) 
VALUES ('20', 'Se define un rol como:', '10', '2');
INSERT INTO TBL_PREG (CMP_IDPREGUNTA, CMP_ENUNCIADO, CMP_PUNTAJE, TBL_TEST_CMP_IDTEST) 
VALUES ('21', 'Seleccionar la opcion correcta para crear una tabla', '10', '2');
INSERT INTO TBL_PREG (CMP_IDPREGUNTA, CMP_ENUNCIADO, CMP_PUNTAJE, TBL_TEST_CMP_IDTEST) 
VALUES ('22', 'Una sentencia SELECT sin la cláusula WHERE devuelve', '10', '2');
INSERT INTO TBL_PREG (CMP_IDPREGUNTA, CMP_ENUNCIADO, CMP_PUNTAJE, TBL_TEST_CMP_IDTEST) 
VALUES ('23', 'Se usa para modificar estrucuta de una tabla:', '10', '2');
INSERT INTO TBL_PREG (CMP_IDPREGUNTA, CMP_ENUNCIADO, CMP_PUNTAJE, TBL_TEST_CMP_IDTEST) 
VALUES ('24', 'En SQL, para eliminar las filas duplicadas del resultado de una sentencia SELECT se emplea', '10', '2');
INSERT INTO TBL_PREG (CMP_IDPREGUNTA, CMP_ENUNCIADO, CMP_PUNTAJE, TBL_TEST_CMP_IDTEST) 
VALUES ('25', 'En SQL, para ordenar los datos devueltos por una sentencia SELECT se emplea la cláusula', '10', '2');
INSERT INTO TBL_PREG (CMP_IDPREGUNTA, CMP_ENUNCIADO, CMP_PUNTAJE, TBL_TEST_CMP_IDTEST) 
VALUES ('26', '¿Qué instrucción se emplea para eliminar todo el contenido de una tabla, pero conservando la tabla?', '10', '2');
INSERT INTO TBL_PREG (CMP_IDPREGUNTA, CMP_ENUNCIADO, CMP_PUNTAJE, TBL_TEST_CMP_IDTEST) 
VALUES ('27', 'En SQL, ¿cuál de estas sentencias añade una fila a una tabla en una base de datos?', '10', '2');
INSERT INTO TBL_PREG (CMP_IDPREGUNTA, CMP_ENUNCIADO, CMP_PUNTAJE, TBL_TEST_CMP_IDTEST) 
VALUES ('28', '¿Cuál de las siguientes no es una función de agregación?', '10', '2');
INSERT INTO TBL_PREG (CMP_IDPREGUNTA, CMP_ENUNCIADO, CMP_PUNTAJE, TBL_TEST_CMP_IDTEST) 
VALUES ('29', '¿Cómo se borra toda una base de datos con SQL?', '10', '2');


--Creacion de las respuestas evaluacion 1.
INSERT INTO TBL_ALTERNAT (CMP_IDALTERNATIVA, CMP_DESCRIPCION, CMP_VRESP, CMP_PORCENTAJE, TBL_PREG_CMP_IDPREG) 
VALUES ('101', 'Herencia', '1', '0,5', '10');
INSERT INTO TBL_ALTERNAT (CMP_IDALTERNATIVA, CMP_DESCRIPCION, CMP_VRESP, CMP_PORCENTAJE, TBL_PREG_CMP_IDPREG) 
VALUES ('101', 'Polimorfismo', '1', '0,5', '10');
INSERT INTO TBL_ALTERNAT (CMP_IDALTERNATIVA, CMP_DESCRIPCION, CMP_VRESP, CMP_PORCENTAJE, TBL_PREG_CMP_IDPREG) 
VALUES ('101', 'Ampliación de cupo automático', '0', '0', '10');

INSERT INTO TBL_ALTERNAT (CMP_IDALTERNATIVA, CMP_DESCRIPCION, CMP_VRESP, CMP_PORCENTAJE, TBL_PREG_CMP_IDPREG) 
VALUES ('111', 'Es la forma como se presentan los datos', '0', '0', '11');
INSERT INTO TBL_ALTERNAT (CMP_IDALTERNATIVA, CMP_DESCRIPCION, CMP_VRESP, CMP_PORCENTAJE, TBL_PREG_CMP_IDPREG) 
VALUES ('112', 'Es una fabrica de objetos', '1', '1', '11');
INSERT INTO TBL_ALTERNAT (CMP_IDALTERNATIVA, CMP_DESCRIPCION, CMP_VRESP, CMP_PORCENTAJE, TBL_PREG_CMP_IDPREG) 
VALUES ('113', 'Sirve para crear otras clases', '0', '0', '11');
INSERT INTO TBL_ALTERNAT (CMP_IDALTERNATIVA, CMP_DESCRIPCION, CMP_VRESP, CMP_PORCENTAJE, TBL_PREG_CMP_IDPREG) 
VALUES ('114', 'Ninguna de las anteriores', '0', '0', '11');

INSERT INTO TBL_ALTERNAT (CMP_IDALTERNATIVA, CMP_DESCRIPCION, CMP_VRESP, CMP_PORCENTAJE, TBL_PREG_CMP_IDPREG) 
VALUES ('121', 'Construir la clase', '0', '0', '12');
INSERT INTO TBL_ALTERNAT (CMP_IDALTERNATIVA, CMP_DESCRIPCION, CMP_VRESP, CMP_PORCENTAJE, TBL_PREG_CMP_IDPREG) 
VALUES ('122', 'Contruir un objeto', '0', '0', '12');
INSERT INTO TBL_ALTERNAT (CMP_IDALTERNATIVA, CMP_DESCRIPCION, CMP_VRESP, CMP_PORCENTAJE, TBL_PREG_CMP_IDPREG) 
VALUES ('123', 'Para inicializar la clase', '1', '0,5', '12');
INSERT INTO TBL_ALTERNAT (CMP_IDALTERNATIVA, CMP_DESCRIPCION, CMP_VRESP, CMP_PORCENTAJE, TBL_PREG_CMP_IDPREG) 
VALUES ('124', 'Para asignar valores a los datos del objeto', '1', '0,5', '12');

INSERT INTO TBL_ALTERNAT (CMP_IDALTERNATIVA, CMP_DESCRIPCION, CMP_VRESP, CMP_PORCENTAJE, TBL_PREG_CMP_IDPREG) 
VALUES ('131', 'Nos ayuda a desarrollar una secuencia de elementos', '0', '0', '13');
INSERT INTO TBL_ALTERNAT (CMP_IDALTERNATIVA, CMP_DESCRIPCION, CMP_VRESP, CMP_PORCENTAJE, TBL_PREG_CMP_IDPREG) 
VALUES ('132', 'Sepera el interfaz contractual de una abstraccion y su implementacion', '1', '1', '13');
INSERT INTO TBL_ALTERNAT (CMP_IDALTERNATIVA, CMP_DESCRIPCION, CMP_VRESP, CMP_PORCENTAJE, TBL_PREG_CMP_IDPREG) 
VALUES ('133', 'Realiza la segmentacion del objeto', '0', '0', '13');
INSERT INTO TBL_ALTERNAT (CMP_IDALTERNATIVA, CMP_DESCRIPCION, CMP_VRESP, CMP_PORCENTAJE, TBL_PREG_CMP_IDPREG) 
VALUES ('134', 'Interviene en la segmantacion de la programacion', '0', '0', '13');

INSERT INTO TBL_ALTERNAT (CMP_IDALTERNATIVA, CMP_DESCRIPCION, CMP_VRESP, CMP_PORCENTAJE, TBL_PREG_CMP_IDPREG) 
VALUES ('141', 'Poliformismo', '1', '0,25', '14');
INSERT INTO TBL_ALTERNAT (CMP_IDALTERNATIVA, CMP_DESCRIPCION, CMP_VRESP, CMP_PORCENTAJE, TBL_PREG_CMP_IDPREG) 
VALUES ('142', 'Todas las anteriores y Encapsulamiento', '1', '1', '14');
INSERT INTO TBL_ALTERNAT (CMP_IDALTERNATIVA, CMP_DESCRIPCION, CMP_VRESP, CMP_PORCENTAJE, TBL_PREG_CMP_IDPREG) 
VALUES ('143', 'Abstraccion', '1', '0,25', '14');
INSERT INTO TBL_ALTERNAT (CMP_IDALTERNATIVA, CMP_DESCRIPCION, CMP_VRESP, CMP_PORCENTAJE, TBL_PREG_CMP_IDPREG) 
VALUES ('144', 'Herencia', '1', '0,25', '14');

INSERT INTO TBL_ALTERNAT (CMP_IDALTERNATIVA, CMP_DESCRIPCION, CMP_VRESP, CMP_PORCENTAJE, TBL_PREG_CMP_IDPREG) 
VALUES ('151', 'Poliformismo', '0', '0', '15');
INSERT INTO TBL_ALTERNAT (CMP_IDALTERNATIVA, CMP_DESCRIPCION, CMP_VRESP, CMP_PORCENTAJE, TBL_PREG_CMP_IDPREG) 
VALUES ('152', 'Herencia', '0', '0', '15');
INSERT INTO TBL_ALTERNAT (CMP_IDALTERNATIVA, CMP_DESCRIPCION, CMP_VRESP, CMP_PORCENTAJE, TBL_PREG_CMP_IDPREG) 
VALUES ('153', 'Sobrecarga', '1', '1', '15');
INSERT INTO TBL_ALTERNAT (CMP_IDALTERNATIVA, CMP_DESCRIPCION, CMP_VRESP, CMP_PORCENTAJE, TBL_PREG_CMP_IDPREG) 
VALUES ('154', 'Atributos', '0', '0', '15');

INSERT INTO TBL_ALTERNAT (CMP_IDALTERNATIVA, CMP_DESCRIPCION, CMP_VRESP, CMP_PORCENTAJE, TBL_PREG_CMP_IDPREG) 
VALUES ('161', 'Accesible solo dentro de la misma clase', '1', '1', '16');
INSERT INTO TBL_ALTERNAT (CMP_IDALTERNATIVA, CMP_DESCRIPCION, CMP_VRESP, CMP_PORCENTAJE, TBL_PREG_CMP_IDPREG) 
VALUES ('162', 'Accesible dentro y fuera de la clase', '0', '0', '16');
INSERT INTO TBL_ALTERNAT (CMP_IDALTERNATIVA, CMP_DESCRIPCION, CMP_VRESP, CMP_PORCENTAJE, TBL_PREG_CMP_IDPREG) 
VALUES ('163', 'Accesible dentro de la misma clase y sus herencias', '0', '0', '16');
INSERT INTO TBL_ALTERNAT (CMP_IDALTERNATIVA, CMP_DESCRIPCION, CMP_VRESP, CMP_PORCENTAJE, TBL_PREG_CMP_IDPREG) 
VALUES ('164', 'Ninguna de las anteriores', '0', '0', '16');

INSERT INTO TBL_ALTERNAT (CMP_IDALTERNATIVA, CMP_DESCRIPCION, CMP_VRESP, CMP_PORCENTAJE, TBL_PREG_CMP_IDPREG) 
VALUES ('171', 'Multiplicarse', '0', '0', '17');
INSERT INTO TBL_ALTERNAT (CMP_IDALTERNATIVA, CMP_DESCRIPCION, CMP_VRESP, CMP_PORCENTAJE, TBL_PREG_CMP_IDPREG) 
VALUES ('172', 'Ninguna de las anteriores', '1', '1', '17');
INSERT INTO TBL_ALTERNAT (CMP_IDALTERNATIVA, CMP_DESCRIPCION, CMP_VRESP, CMP_PORCENTAJE, TBL_PREG_CMP_IDPREG) 
VALUES ('173', 'Eliminar datos', '0', '0', '17');
INSERT INTO TBL_ALTERNAT (CMP_IDALTERNATIVA, CMP_DESCRIPCION, CMP_VRESP, CMP_PORCENTAJE, TBL_PREG_CMP_IDPREG) 
VALUES ('174', 'Clasificacion', '0', '0', '17');

INSERT INTO TBL_ALTERNAT (CMP_IDALTERNATIVA, CMP_DESCRIPCION, CMP_VRESP, CMP_PORCENTAJE, TBL_PREG_CMP_IDPREG) 
VALUES ('181', 'Un OBjeto se transforma en estructura', '0', '0', '18');
INSERT INTO TBL_ALTERNAT (CMP_IDALTERNATIVA, CMP_DESCRIPCION, CMP_VRESP, CMP_PORCENTAJE, TBL_PREG_CMP_IDPREG) 
VALUES ('182', 'Una variable cambie su tipo para ser util en otros objetos', '0', '0', '18');
INSERT INTO TBL_ALTERNAT (CMP_IDALTERNATIVA, CMP_DESCRIPCION, CMP_VRESP, CMP_PORCENTAJE, TBL_PREG_CMP_IDPREG) 
VALUES ('183', 'Ninguna de las anteriores', '0', '0', '18');
INSERT INTO TBL_ALTERNAT (CMP_IDALTERNATIVA, CMP_DESCRIPCION, CMP_VRESP, CMP_PORCENTAJE, TBL_PREG_CMP_IDPREG) 
VALUES ('184', 'Una misma operacion puede tener direfentes comportamientos en diferentes objetos', '1', '1', '18');

INSERT INTO TBL_ALTERNAT (CMP_IDALTERNATIVA, CMP_DESCRIPCION, CMP_VRESP, CMP_PORCENTAJE, TBL_PREG_CMP_IDPREG) 
VALUES ('191', 'Ninguna de las anteriores', '0', '0', '19');
INSERT INTO TBL_ALTERNAT (CMP_IDALTERNATIVA, CMP_DESCRIPCION, CMP_VRESP, CMP_PORCENTAJE, TBL_PREG_CMP_IDPREG) 
VALUES ('191', 'Clase', '1', '1', '19');
INSERT INTO TBL_ALTERNAT (CMP_IDALTERNATIVA, CMP_DESCRIPCION, CMP_VRESP, CMP_PORCENTAJE, TBL_PREG_CMP_IDPREG) 
VALUES ('191', 'Objeto', '0', '0', '19');
INSERT INTO TBL_ALTERNAT (CMP_IDALTERNATIVA, CMP_DESCRIPCION, CMP_VRESP, CMP_PORCENTAJE, TBL_PREG_CMP_IDPREG) 
VALUES ('191', 'Metodo', '0', '0', '19');

--Creacion de las respuestas evaluacion 1.
INSERT INTO TBL_ALTERNAT (CMP_IDALTERNATIVA, CMP_DESCRIPCION, CMP_VRESP, CMP_PORCENTAJE, TBL_PREG_CMP_IDPREG) 
VALUES ('201', 'Un conjunto de usuarios', '0', '0', '20');
INSERT INTO TBL_ALTERNAT (CMP_IDALTERNATIVA, CMP_DESCRIPCION, CMP_VRESP, CMP_PORCENTAJE, TBL_PREG_CMP_IDPREG) 
VALUES ('202', 'Un conjunto de privilegios sobre el sistema', '0', '0', '20');
INSERT INTO TBL_ALTERNAT (CMP_IDALTERNATIVA, CMP_DESCRIPCION, CMP_VRESP, CMP_PORCENTAJE, TBL_PREG_CMP_IDPREG) 
VALUES ('203', 'Un conjunto de privilegios sobre objetos', '0', '0', '20');
INSERT INTO TBL_ALTERNAT (CMP_IDALTERNATIVA, CMP_DESCRIPCION, CMP_VRESP, CMP_PORCENTAJE, TBL_PREG_CMP_IDPREG) 
VALUES ('204', 'Un conjunto de privilegios (sistema y objetos) sobre el esquema de usuario', '1', '1', '20');

INSERT INTO TBL_ALTERNAT (CMP_IDALTERNATIVA, CMP_DESCRIPCION, CMP_VRESP, CMP_PORCENTAJE, TBL_PREG_CMP_IDPREG) 
VALUES ('211', 'SELECT * FROM tabla', '0', '0', '21');
INSERT INTO TBL_ALTERNAT (CMP_IDALTERNATIVA, CMP_DESCRIPCION, CMP_VRESP, CMP_PORCENTAJE, TBL_PREG_CMP_IDPREG) 
VALUES ('211', 'CREATE TABLA tabla', '1', '1', '21');
INSERT INTO TBL_ALTERNAT (CMP_IDALTERNATIVA, CMP_DESCRIPCION, CMP_VRESP, CMP_PORCENTAJE, TBL_PREG_CMP_IDPREG) 
VALUES ('211', 'INSERT INTO tabla', '0', '0', '21');
INSERT INTO TBL_ALTERNAT (CMP_IDALTERNATIVA, CMP_DESCRIPCION, CMP_VRESP, CMP_PORCENTAJE, TBL_PREG_CMP_IDPREG) 
VALUES ('211', 'DROP tabla', '0', '0', '21');

INSERT INTO TBL_ALTERNAT (CMP_IDALTERNATIVA, CMP_DESCRIPCION, CMP_VRESP, CMP_PORCENTAJE, TBL_PREG_CMP_IDPREG) 
VALUES ('221', 'Todos los registros existentes en la tabla que no estén relacionados con otra tabla', '0', '0', '22');
INSERT INTO TBL_ALTERNAT (CMP_IDALTERNATIVA, CMP_DESCRIPCION, CMP_VRESP, CMP_PORCENTAJE, TBL_PREG_CMP_IDPREG) 
VALUES ('222', 'Todos los registros existentes en la tabla', '1', '1', '22');
INSERT INTO TBL_ALTERNAT (CMP_IDALTERNATIVA, CMP_DESCRIPCION, CMP_VRESP, CMP_PORCENTAJE, TBL_PREG_CMP_IDPREG) 
VALUES ('223', 'No se puede ejecutar una sentencia SELECT sin la cláusula WHERE', '0', '0', '22');
INSERT INTO TBL_ALTERNAT (CMP_IDALTERNATIVA, CMP_DESCRIPCION, CMP_VRESP, CMP_PORCENTAJE, TBL_PREG_CMP_IDPREG) 
VALUES ('224', 'Las anteriores respuestas no son correctas', '0', '0', '22');

INSERT INTO TBL_ALTERNAT (CMP_IDALTERNATIVA, CMP_DESCRIPCION, CMP_VRESP, CMP_PORCENTAJE, TBL_PREG_CMP_IDPREG) 
VALUES ('231', 'ALTER TABLE', '1', '1', '23');
INSERT INTO TBL_ALTERNAT (CMP_IDALTERNATIVA, CMP_DESCRIPCION, CMP_VRESP, CMP_PORCENTAJE, TBL_PREG_CMP_IDPREG) 
VALUES ('232', 'CHANGE TABLE', '0', '0', '23');
INSERT INTO TBL_ALTERNAT (CMP_IDALTERNATIVA, CMP_DESCRIPCION, CMP_VRESP, CMP_PORCENTAJE, TBL_PREG_CMP_IDPREG) 
VALUES ('233', 'MODIFY TABLE', '0', '0', '23');
INSERT INTO TBL_ALTERNAT (CMP_IDALTERNATIVA, CMP_DESCRIPCION, CMP_VRESP, CMP_PORCENTAJE, TBL_PREG_CMP_IDPREG) 
VALUES ('234', 'Ninguna de las anteriores', '0', '0', '23');

INSERT INTO TBL_ALTERNAT (CMP_IDALTERNATIVA, CMP_DESCRIPCION, CMP_VRESP, CMP_PORCENTAJE, TBL_PREG_CMP_IDPREG) 
VALUES ('241', 'NO DUPLICATE', '0', '0', '24');
INSERT INTO TBL_ALTERNAT (CMP_IDALTERNATIVA, CMP_DESCRIPCION, CMP_VRESP, CMP_PORCENTAJE, TBL_PREG_CMP_IDPREG) 
VALUES ('242', 'UNIQUE', '0', '0', '24');
INSERT INTO TBL_ALTERNAT (CMP_IDALTERNATIVA, CMP_DESCRIPCION, CMP_VRESP, CMP_PORCENTAJE, TBL_PREG_CMP_IDPREG) 
VALUES ('243', 'DISTINCT', '1', '1', '24');
INSERT INTO TBL_ALTERNAT (CMP_IDALTERNATIVA, CMP_DESCRIPCION, CMP_VRESP, CMP_PORCENTAJE, TBL_PREG_CMP_IDPREG) 
VALUES ('244', 'Ninguna de las anteriores', '0', '0', '24');

INSERT INTO TBL_ALTERNAT (CMP_IDALTERNATIVA, CMP_DESCRIPCION, CMP_VRESP, CMP_PORCENTAJE, TBL_PREG_CMP_IDPREG) 
VALUES ('251', 'ORDER BY', '1', '1', '25');
INSERT INTO TBL_ALTERNAT (CMP_IDALTERNATIVA, CMP_DESCRIPCION, CMP_VRESP, CMP_PORCENTAJE, TBL_PREG_CMP_IDPREG) 
VALUES ('252', 'ORDERED BY', '0', '0', '25');
INSERT INTO TBL_ALTERNAT (CMP_IDALTERNATIVA, CMP_DESCRIPCION, CMP_VRESP, CMP_PORCENTAJE, TBL_PREG_CMP_IDPREG) 
VALUES ('253', 'SORT BY', '0', '0', '25');
INSERT INTO TBL_ALTERNAT (CMP_IDALTERNATIVA, CMP_DESCRIPCION, CMP_VRESP, CMP_PORCENTAJE, TBL_PREG_CMP_IDPREG) 
VALUES ('254', 'SORTED BY', '0', '0', '25');

INSERT INTO TBL_ALTERNAT (CMP_IDALTERNATIVA, CMP_DESCRIPCION, CMP_VRESP, CMP_PORCENTAJE, TBL_PREG_CMP_IDPREG) 
VALUES ('261', 'DELETE TABLE', '0', '0', '26');
INSERT INTO TBL_ALTERNAT (CMP_IDALTERNATIVA, CMP_DESCRIPCION, CMP_VRESP, CMP_PORCENTAJE, TBL_PREG_CMP_IDPREG) 
VALUES ('262', 'DROP TABLE', '0', '0', '26');
INSERT INTO TBL_ALTERNAT (CMP_IDALTERNATIVA, CMP_DESCRIPCION, CMP_VRESP, CMP_PORCENTAJE, TBL_PREG_CMP_IDPREG) 
VALUES ('263', 'TRUNCATE TABLE', '1', '1', '26');
INSERT INTO TBL_ALTERNAT (CMP_IDALTERNATIVA, CMP_DESCRIPCION, CMP_VRESP, CMP_PORCENTAJE, TBL_PREG_CMP_IDPREG) 
VALUES ('264', 'Ninguna de las anteriores', '0', '0', '26');

INSERT INTO TBL_ALTERNAT (CMP_IDALTERNATIVA, CMP_DESCRIPCION, CMP_VRESP, CMP_PORCENTAJE, TBL_PREG_CMP_IDPREG) 
VALUES ('271', 'ADD', '0', '0', '27');
INSERT INTO TBL_ALTERNAT (CMP_IDALTERNATIVA, CMP_DESCRIPCION, CMP_VRESP, CMP_PORCENTAJE, TBL_PREG_CMP_IDPREG) 
VALUES ('272', 'INSERT', '1', '1', '27');
INSERT INTO TBL_ALTERNAT (CMP_IDALTERNATIVA, CMP_DESCRIPCION, CMP_VRESP, CMP_PORCENTAJE, TBL_PREG_CMP_IDPREG) 
VALUES ('273', 'UPDATE', '0', '0', '27');
INSERT INTO TBL_ALTERNAT (CMP_IDALTERNATIVA, CMP_DESCRIPCION, CMP_VRESP, CMP_PORCENTAJE, TBL_PREG_CMP_IDPREG) 
VALUES ('274', 'INCLUDE', '0', '0', '27');

INSERT INTO TBL_ALTERNAT (CMP_IDALTERNATIVA, CMP_DESCRIPCION, CMP_VRESP, CMP_PORCENTAJE, TBL_PREG_CMP_IDPREG) 
VALUES ('281', 'COUNT()', '0', '0', '28');
INSERT INTO TBL_ALTERNAT (CMP_IDALTERNATIVA, CMP_DESCRIPCION, CMP_VRESP, CMP_PORCENTAJE, TBL_PREG_CMP_IDPREG) 
VALUES ('282', 'LIMIT()', '1', '1', '28');
INSERT INTO TBL_ALTERNAT (CMP_IDALTERNATIVA, CMP_DESCRIPCION, CMP_VRESP, CMP_PORCENTAJE, TBL_PREG_CMP_IDPREG) 
VALUES ('283', 'MAX()', '0', '0', '28');
INSERT INTO TBL_ALTERNAT (CMP_IDALTERNATIVA, CMP_DESCRIPCION, CMP_VRESP, CMP_PORCENTAJE, TBL_PREG_CMP_IDPREG) 
VALUES ('284', 'MIN()', '0', '0', '28');

INSERT INTO TBL_ALTERNAT (CMP_IDALTERNATIVA, CMP_DESCRIPCION, CMP_VRESP, CMP_PORCENTAJE, TBL_PREG_CMP_IDPREG) 
VALUES ('291', 'DELETE DATABASE', '0', '0', '29');
INSERT INTO TBL_ALTERNAT (CMP_IDALTERNATIVA, CMP_DESCRIPCION, CMP_VRESP, CMP_PORCENTAJE, TBL_PREG_CMP_IDPREG) 
VALUES ('292', 'DROP DATABASE', '1', '1', '29');
INSERT INTO TBL_ALTERNAT (CMP_IDALTERNATIVA, CMP_DESCRIPCION, CMP_VRESP, CMP_PORCENTAJE, TBL_PREG_CMP_IDPREG) 
VALUES ('293', 'ERASE DATABASE', '0', '0', '29');
INSERT INTO TBL_ALTERNAT (CMP_IDALTERNATIVA, CMP_DESCRIPCION, CMP_VRESP, CMP_PORCENTAJE, TBL_PREG_CMP_IDPREG) 
VALUES ('294', 'Ninguna de las anteriores', '0', '0', '29');

